pack,asset_name,asset_class,package_name,package_path,object_path
Street_Props_Pack_V1,Preview_BuiltData,MapBuildDataRegistry,/Game/Street_Props_Pack_V1/Maps/Preview_BuiltData,/Game/Street_Props_Pack_V1/Maps,/Game/Street_Props_Pack_V1/Maps/Preview_BuiltData.Preview_BuiltData
Street_Props_Pack_V1,M_Color_1,Material,/Game/Street_Props_Pack_V1/Materials/M_Color_1,/Game/Street_Props_Pack_V1/Materials,/Game/Street_Props_Pack_V1/Materials/M_Color_1.M_Color_1
Street_Props_Pack_V1,M_Color_2,Material,/Game/Street_Props_Pack_V1/Materials/M_Color_2,/Game/Street_Props_Pack_V1/Materials,/Game/Street_Props_Pack_V1/Materials/M_Color_2.M_Color_2
Street_Props_Pack_V1,M_Color_3,Material,/Game/Street_Props_Pack_V1/Materials/M_Color_3,/Game/Street_Props_Pack_V1/Materials,/Game/Street_Props_Pack_V1/Materials/M_Color_3.M_Color_3
Street_Props_Pack_V1,M_Color_4,Material,/Game/Street_Props_Pack_V1/Materials/M_Color_4,/Game/Street_Props_Pack_V1/Materials,/Game/Street_Props_Pack_V1/Materials/M_Color_4.M_Color_4
Street_Props_Pack_V1,M_Color_5,Material,/Game/Street_Props_Pack_V1/Materials/M_Color_5,/Game/Street_Props_Pack_V1/Materials,/Game/Street_Props_Pack_V1/Materials/M_Color_5.M_Color_5
Street_Props_Pack_V1,M_Color_6,Material,/Game/Street_Props_Pack_V1/Materials/M_Color_6,/Game/Street_Props_Pack_V1/Materials,/Game/Street_Props_Pack_V1/Materials/M_Color_6.M_Color_6
Street_Props_Pack_V1,M_Color_7,Material,/Game/Street_Props_Pack_V1/Materials/M_Color_7,/Game/Street_Props_Pack_V1/Materials,/Game/Street_Props_Pack_V1/Materials/M_Color_7.M_Color_7
Street_Props_Pack_V1,M_Color_8,Material,/Game/Street_Props_Pack_V1/Materials/M_Color_8,/Game/Street_Props_Pack_V1/Materials,/Game/Street_Props_Pack_V1/Materials/M_Color_8.M_Color_8
Street_Props_Pack_V1,M_Concrete_1,Material,/Game/Street_Props_Pack_V1/Materials/M_Concrete_1,/Game/Street_Props_Pack_V1/Materials,/Game/Street_Props_Pack_V1/Materials/M_Concrete_1.M_Concrete_1
Street_Props_Pack_V1,M_Concrete_2,Material,/Game/Street_Props_Pack_V1/Materials/M_Concrete_2,/Game/Street_Props_Pack_V1/Materials,/Game/Street_Props_Pack_V1/Materials/M_Concrete_2.M_Concrete_2
Street_Props_Pack_V1,M_Concrete_3,Material,/Game/Street_Props_Pack_V1/Materials/M_Concrete_3,/Game/Street_Props_Pack_V1/Materials,/Game/Street_Props_Pack_V1/Materials/M_Concrete_3.M_Concrete_3
Street_Props_Pack_V1,M_Dirt,Material,/Game/Street_Props_Pack_V1/Materials/M_Dirt,/Game/Street_Props_Pack_V1/Materials,/Game/Street_Props_Pack_V1/Materials/M_Dirt.M_Dirt
Street_Props_Pack_V1,M_Glass,Material,/Game/Street_Props_Pack_V1/Materials/M_Glass,/Game/Street_Props_Pack_V1/Materials,/Game/Street_Props_Pack_V1/Materials/M_Glass.M_Glass
Street_Props_Pack_V1,M_light,Material,/Game/Street_Props_Pack_V1/Materials/M_light,/Game/Street_Props_Pack_V1/Materials,/Game/Street_Props_Pack_V1/Materials/M_light.M_light
Street_Props_Pack_V1,M_Metal_1,Material,/Game/Street_Props_Pack_V1/Materials/M_Metal_1,/Game/Street_Props_Pack_V1/Materials,/Game/Street_Props_Pack_V1/Materials/M_Metal_1.M_Metal_1
Street_Props_Pack_V1,M_Metal_2,Material,/Game/Street_Props_Pack_V1/Materials/M_Metal_2,/Game/Street_Props_Pack_V1/Materials,/Game/Street_Props_Pack_V1/Materials/M_Metal_2.M_Metal_2
Street_Props_Pack_V1,M_Metal_3,Material,/Game/Street_Props_Pack_V1/Materials/M_Metal_3,/Game/Street_Props_Pack_V1/Materials,/Game/Street_Props_Pack_V1/Materials/M_Metal_3.M_Metal_3
Street_Props_Pack_V1,M_Plastic_1,Material,/Game/Street_Props_Pack_V1/Materials/M_Plastic_1,/Game/Street_Props_Pack_V1/Materials,/Game/Street_Props_Pack_V1/Materials/M_Plastic_1.M_Plastic_1
Street_Props_Pack_V1,M_Sign_1,Material,/Game/Street_Props_Pack_V1/Materials/M_Sign_1,/Game/Street_Props_Pack_V1/Materials,/Game/Street_Props_Pack_V1/Materials/M_Sign_1.M_Sign_1
Street_Props_Pack_V1,M_Sign_2,Material,/Game/Street_Props_Pack_V1/Materials/M_Sign_2,/Game/Street_Props_Pack_V1/Materials,/Game/Street_Props_Pack_V1/Materials/M_Sign_2.M_Sign_2
Street_Props_Pack_V1,M_Sign_3,Material,/Game/Street_Props_Pack_V1/Materials/M_Sign_3,/Game/Street_Props_Pack_V1/Materials,/Game/Street_Props_Pack_V1/Materials/M_Sign_3.M_Sign_3
Street_Props_Pack_V1,M_Sign_4,Material,/Game/Street_Props_Pack_V1/Materials/M_Sign_4,/Game/Street_Props_Pack_V1/Materials,/Game/Street_Props_Pack_V1/Materials/M_Sign_4.M_Sign_4
Street_Props_Pack_V1,M_Sign_5,Material,/Game/Street_Props_Pack_V1/Materials/M_Sign_5,/Game/Street_Props_Pack_V1/Materials,/Game/Street_Props_Pack_V1/Materials/M_Sign_5.M_Sign_5
Street_Props_Pack_V1,M_Sign_6,Material,/Game/Street_Props_Pack_V1/Materials/M_Sign_6,/Game/Street_Props_Pack_V1/Materials,/Game/Street_Props_Pack_V1/Materials/M_Sign_6.M_Sign_6
Street_Props_Pack_V1,M_Sign_7,Material,/Game/Street_Props_Pack_V1/Materials/M_Sign_7,/Game/Street_Props_Pack_V1/Materials,/Game/Street_Props_Pack_V1/Materials/M_Sign_7.M_Sign_7
Street_Props_Pack_V1,M_Sign_8,Material,/Game/Street_Props_Pack_V1/Materials/M_Sign_8,/Game/Street_Props_Pack_V1/Materials,/Game/Street_Props_Pack_V1/Materials/M_Sign_8.M_Sign_8
Street_Props_Pack_V1,M_Text_1,Material,/Game/Street_Props_Pack_V1/Materials/M_Text_1,/Game/Street_Props_Pack_V1/Materials,/Game/Street_Props_Pack_V1/Materials/M_Text_1.M_Text_1
Street_Props_Pack_V1,M_Text_2,Material,/Game/Street_Props_Pack_V1/Materials/M_Text_2,/Game/Street_Props_Pack_V1/Materials,/Game/Street_Props_Pack_V1/Materials/M_Text_2.M_Text_2
Street_Props_Pack_V1,M_Wood_1,Material,/Game/Street_Props_Pack_V1/Materials/M_Wood_1,/Game/Street_Props_Pack_V1/Materials,/Game/Street_Props_Pack_V1/Materials/M_Wood_1.M_Wood_1
Street_Props_Pack_V1,M_Wood_2,Material,/Game/Street_Props_Pack_V1/Materials/M_Wood_2,/Game/Street_Props_Pack_V1/Materials,/Game/Street_Props_Pack_V1/Materials/M_Wood_2.M_Wood_2
Street_Props_Pack_V1,M_Wood_3,Material,/Game/Street_Props_Pack_V1/Materials/M_Wood_3,/Game/Street_Props_Pack_V1/Materials,/Game/Street_Props_Pack_V1/Materials/M_Wood_3.M_Wood_3
Street_Props_Pack_V1,M_Color_1_Inst,MaterialInstanceConstant,/Game/Street_Props_Pack_V1/Materials/Instances/M_Color_1_Inst,/Game/Street_Props_Pack_V1/Materials/Instances,/Game/Street_Props_Pack_V1/Materials/Instances/M_Color_1_Inst.M_Color_1_Inst
Street_Props_Pack_V1,M_Color_2_Inst,MaterialInstanceConstant,/Game/Street_Props_Pack_V1/Materials/Instances/M_Color_2_Inst,/Game/Street_Props_Pack_V1/Materials/Instances,/Game/Street_Props_Pack_V1/Materials/Instances/M_Color_2_Inst.M_Color_2_Inst
Street_Props_Pack_V1,M_Color_3_Inst,MaterialInstanceConstant,/Game/Street_Props_Pack_V1/Materials/Instances/M_Color_3_Inst,/Game/Street_Props_Pack_V1/Materials/Instances,/Game/Street_Props_Pack_V1/Materials/Instances/M_Color_3_Inst.M_Color_3_Inst
Street_Props_Pack_V1,M_Color_4_Inst,MaterialInstanceConstant,/Game/Street_Props_Pack_V1/Materials/Instances/M_Color_4_Inst,/Game/Street_Props_Pack_V1/Materials/Instances,/Game/Street_Props_Pack_V1/Materials/Instances/M_Color_4_Inst.M_Color_4_Inst
Street_Props_Pack_V1,M_Color_5_Inst,MaterialInstanceConstant,/Game/Street_Props_Pack_V1/Materials/Instances/M_Color_5_Inst,/Game/Street_Props_Pack_V1/Materials/Instances,/Game/Street_Props_Pack_V1/Materials/Instances/M_Color_5_Inst.M_Color_5_Inst
Street_Props_Pack_V1,M_Color_6_Inst,MaterialInstanceConstant,/Game/Street_Props_Pack_V1/Materials/Instances/M_Color_6_Inst,/Game/Street_Props_Pack_V1/Materials/Instances,/Game/Street_Props_Pack_V1/Materials/Instances/M_Color_6_Inst.M_Color_6_Inst
Street_Props_Pack_V1,M_Color_7_Inst,MaterialInstanceConstant,/Game/Street_Props_Pack_V1/Materials/Instances/M_Color_7_Inst,/Game/Street_Props_Pack_V1/Materials/Instances,/Game/Street_Props_Pack_V1/Materials/Instances/M_Color_7_Inst.M_Color_7_Inst
Street_Props_Pack_V1,M_Color_8_Inst,MaterialInstanceConstant,/Game/Street_Props_Pack_V1/Materials/Instances/M_Color_8_Inst,/Game/Street_Props_Pack_V1/Materials/Instances,/Game/Street_Props_Pack_V1/Materials/Instances/M_Color_8_Inst.M_Color_8_Inst
Street_Props_Pack_V1,M_Concrete_1_Inst,MaterialInstanceConstant,/Game/Street_Props_Pack_V1/Materials/Instances/M_Concrete_1_Inst,/Game/Street_Props_Pack_V1/Materials/Instances,/Game/Street_Props_Pack_V1/Materials/Instances/M_Concrete_1_Inst.M_Concrete_1_Inst
Street_Props_Pack_V1,M_Concrete_2_Inst,MaterialInstanceConstant,/Game/Street_Props_Pack_V1/Materials/Instances/M_Concrete_2_Inst,/Game/Street_Props_Pack_V1/Materials/Instances,/Game/Street_Props_Pack_V1/Materials/Instances/M_Concrete_2_Inst.M_Concrete_2_Inst
Street_Props_Pack_V1,M_Concrete_3_Inst,MaterialInstanceConstant,/Game/Street_Props_Pack_V1/Materials/Instances/M_Concrete_3_Inst,/Game/Street_Props_Pack_V1/Materials/Instances,/Game/Street_Props_Pack_V1/Materials/Instances/M_Concrete_3_Inst.M_Concrete_3_Inst
Street_Props_Pack_V1,M_Dirt_Inst,MaterialInstanceConstant,/Game/Street_Props_Pack_V1/Materials/Instances/M_Dirt_Inst,/Game/Street_Props_Pack_V1/Materials/Instances,/Game/Street_Props_Pack_V1/Materials/Instances/M_Dirt_Inst.M_Dirt_Inst
Street_Props_Pack_V1,M_Glass_Inst,MaterialInstanceConstant,/Game/Street_Props_Pack_V1/Materials/Instances/M_Glass_Inst,/Game/Street_Props_Pack_V1/Materials/Instances,/Game/Street_Props_Pack_V1/Materials/Instances/M_Glass_Inst.M_Glass_Inst
Street_Props_Pack_V1,M_light_Inst,MaterialInstanceConstant,/Game/Street_Props_Pack_V1/Materials/Instances/M_light_Inst,/Game/Street_Props_Pack_V1/Materials/Instances,/Game/Street_Props_Pack_V1/Materials/Instances/M_light_Inst.M_light_Inst
Street_Props_Pack_V1,M_Metal_1_Inst,MaterialInstanceConstant,/Game/Street_Props_Pack_V1/Materials/Instances/M_Metal_1_Inst,/Game/Street_Props_Pack_V1/Materials/Instances,/Game/Street_Props_Pack_V1/Materials/Instances/M_Metal_1_Inst.M_Metal_1_Inst
Street_Props_Pack_V1,M_Metal_2_Inst,MaterialInstanceConstant,/Game/Street_Props_Pack_V1/Materials/Instances/M_Metal_2_Inst,/Game/Street_Props_Pack_V1/Materials/Instances,/Game/Street_Props_Pack_V1/Materials/Instances/M_Metal_2_Inst.M_Metal_2_Inst
Street_Props_Pack_V1,M_Metal_3_Inst,MaterialInstanceConstant,/Game/Street_Props_Pack_V1/Materials/Instances/M_Metal_3_Inst,/Game/Street_Props_Pack_V1/Materials/Instances,/Game/Street_Props_Pack_V1/Materials/Instances/M_Metal_3_Inst.M_Metal_3_Inst
Street_Props_Pack_V1,M_Plastic_1_Inst,MaterialInstanceConstant,/Game/Street_Props_Pack_V1/Materials/Instances/M_Plastic_1_Inst,/Game/Street_Props_Pack_V1/Materials/Instances,/Game/Street_Props_Pack_V1/Materials/Instances/M_Plastic_1_Inst.M_Plastic_1_Inst
Street_Props_Pack_V1,M_Sign_1_Inst,MaterialInstanceConstant,/Game/Street_Props_Pack_V1/Materials/Instances/M_Sign_1_Inst,/Game/Street_Props_Pack_V1/Materials/Instances,/Game/Street_Props_Pack_V1/Materials/Instances/M_Sign_1_Inst.M_Sign_1_Inst
Street_Props_Pack_V1,M_Sign_2_Inst,MaterialInstanceConstant,/Game/Street_Props_Pack_V1/Materials/Instances/M_Sign_2_Inst,/Game/Street_Props_Pack_V1/Materials/Instances,/Game/Street_Props_Pack_V1/Materials/Instances/M_Sign_2_Inst.M_Sign_2_Inst
Street_Props_Pack_V1,M_Sign_3_Inst,MaterialInstanceConstant,/Game/Street_Props_Pack_V1/Materials/Instances/M_Sign_3_Inst,/Game/Street_Props_Pack_V1/Materials/Instances,/Game/Street_Props_Pack_V1/Materials/Instances/M_Sign_3_Inst.M_Sign_3_Inst
Street_Props_Pack_V1,M_Sign_4_Inst,MaterialInstanceConstant,/Game/Street_Props_Pack_V1/Materials/Instances/M_Sign_4_Inst,/Game/Street_Props_Pack_V1/Materials/Instances,/Game/Street_Props_Pack_V1/Materials/Instances/M_Sign_4_Inst.M_Sign_4_Inst
Street_Props_Pack_V1,M_Sign_5_Inst,MaterialInstanceConstant,/Game/Street_Props_Pack_V1/Materials/Instances/M_Sign_5_Inst,/Game/Street_Props_Pack_V1/Materials/Instances,/Game/Street_Props_Pack_V1/Materials/Instances/M_Sign_5_Inst.M_Sign_5_Inst
Street_Props_Pack_V1,M_Sign_6_Inst,MaterialInstanceConstant,/Game/Street_Props_Pack_V1/Materials/Instances/M_Sign_6_Inst,/Game/Street_Props_Pack_V1/Materials/Instances,/Game/Street_Props_Pack_V1/Materials/Instances/M_Sign_6_Inst.M_Sign_6_Inst
Street_Props_Pack_V1,M_Sign_7_Inst,MaterialInstanceConstant,/Game/Street_Props_Pack_V1/Materials/Instances/M_Sign_7_Inst,/Game/Street_Props_Pack_V1/Materials/Instances,/Game/Street_Props_Pack_V1/Materials/Instances/M_Sign_7_Inst.M_Sign_7_Inst
Street_Props_Pack_V1,M_Sign_8_Inst,MaterialInstanceConstant,/Game/Street_Props_Pack_V1/Materials/Instances/M_Sign_8_Inst,/Game/Street_Props_Pack_V1/Materials/Instances,/Game/Street_Props_Pack_V1/Materials/Instances/M_Sign_8_Inst.M_Sign_8_Inst
Street_Props_Pack_V1,M_Text_1_Inst,MaterialInstanceConstant,/Game/Street_Props_Pack_V1/Materials/Instances/M_Text_1_Inst,/Game/Street_Props_Pack_V1/Materials/Instances,/Game/Street_Props_Pack_V1/Materials/Instances/M_Text_1_Inst.M_Text_1_Inst
Street_Props_Pack_V1,M_Text_2_Inst,MaterialInstanceConstant,/Game/Street_Props_Pack_V1/Materials/Instances/M_Text_2_Inst,/Game/Street_Props_Pack_V1/Materials/Instances,/Game/Street_Props_Pack_V1/Materials/Instances/M_Text_2_Inst.M_Text_2_Inst
Street_Props_Pack_V1,M_Wood_1_Inst,MaterialInstanceConstant,/Game/Street_Props_Pack_V1/Materials/Instances/M_Wood_1_Inst,/Game/Street_Props_Pack_V1/Materials/Instances,/Game/Street_Props_Pack_V1/Materials/Instances/M_Wood_1_Inst.M_Wood_1_Inst
Street_Props_Pack_V1,M_Wood_2_Inst,MaterialInstanceConstant,/Game/Street_Props_Pack_V1/Materials/Instances/M_Wood_2_Inst,/Game/Street_Props_Pack_V1/Materials/Instances,/Game/Street_Props_Pack_V1/Materials/Instances/M_Wood_2_Inst.M_Wood_2_Inst
Street_Props_Pack_V1,M_Wood_3_Inst,MaterialInstanceConstant,/Game/Street_Props_Pack_V1/Materials/Instances/M_Wood_3_Inst,/Game/Street_Props_Pack_V1/Materials/Instances,/Game/Street_Props_Pack_V1/Materials/Instances/M_Wood_3_Inst.M_Wood_3_Inst
Street_Props_Pack_V1,SM_Barrier,StaticMesh,/Game/Street_Props_Pack_V1/Mesh/SM_Barrier,/Game/Street_Props_Pack_V1/Mesh,/Game/Street_Props_Pack_V1/Mesh/SM_Barrier.SM_Barrier
Street_Props_Pack_V1,SM_barrier_2,StaticMesh,/Game/Street_Props_Pack_V1/Mesh/SM_barrier_2,/Game/Street_Props_Pack_V1/Mesh,/Game/Street_Props_Pack_V1/Mesh/SM_barrier_2.SM_barrier_2
Street_Props_Pack_V1,SM_barrier_3_A,StaticMesh,/Game/Street_Props_Pack_V1/Mesh/SM_barrier_3_A,/Game/Street_Props_Pack_V1/Mesh,/Game/Street_Props_Pack_V1/Mesh/SM_barrier_3_A.SM_barrier_3_A
Street_Props_Pack_V1,SM_barrier_3_B,StaticMesh,/Game/Street_Props_Pack_V1/Mesh/SM_barrier_3_B,/Game/Street_Props_Pack_V1/Mesh,/Game/Street_Props_Pack_V1/Mesh/SM_barrier_3_B.SM_barrier_3_B
Street_Props_Pack_V1,SM_barrier_5,StaticMesh,/Game/Street_Props_Pack_V1/Mesh/SM_barrier_5,/Game/Street_Props_Pack_V1/Mesh,/Game/Street_Props_Pack_V1/Mesh/SM_barrier_5.SM_barrier_5
Street_Props_Pack_V1,SM_barrier_6,StaticMesh,/Game/Street_Props_Pack_V1/Mesh/SM_barrier_6,/Game/Street_Props_Pack_V1/Mesh,/Game/Street_Props_Pack_V1/Mesh/SM_barrier_6.SM_barrier_6
Street_Props_Pack_V1,SM_barrier_7_A,StaticMesh,/Game/Street_Props_Pack_V1/Mesh/SM_barrier_7_A,/Game/Street_Props_Pack_V1/Mesh,/Game/Street_Props_Pack_V1/Mesh/SM_barrier_7_A.SM_barrier_7_A
Street_Props_Pack_V1,SM_barrier_7_B,StaticMesh,/Game/Street_Props_Pack_V1/Mesh/SM_barrier_7_B,/Game/Street_Props_Pack_V1/Mesh,/Game/Street_Props_Pack_V1/Mesh/SM_barrier_7_B.SM_barrier_7_B
Street_Props_Pack_V1,SM_barrier_7_C,StaticMesh,/Game/Street_Props_Pack_V1/Mesh/SM_barrier_7_C,/Game/Street_Props_Pack_V1/Mesh,/Game/Street_Props_Pack_V1/Mesh/SM_barrier_7_C.SM_barrier_7_C
Street_Props_Pack_V1,SM_barrier_8,StaticMesh,/Game/Street_Props_Pack_V1/Mesh/SM_barrier_8,/Game/Street_Props_Pack_V1/Mesh,/Game/Street_Props_Pack_V1/Mesh/SM_barrier_8.SM_barrier_8
Street_Props_Pack_V1,SM_Bench,StaticMesh,/Game/Street_Props_Pack_V1/Mesh/SM_Bench,/Game/Street_Props_Pack_V1/Mesh,/Game/Street_Props_Pack_V1/Mesh/SM_Bench.SM_Bench
Street_Props_Pack_V1,SM_Bench_2,StaticMesh,/Game/Street_Props_Pack_V1/Mesh/SM_Bench_2,/Game/Street_Props_Pack_V1/Mesh,/Game/Street_Props_Pack_V1/Mesh/SM_Bench_2.SM_Bench_2
Street_Props_Pack_V1,SM_Bicycle_stand_1,StaticMesh,/Game/Street_Props_Pack_V1/Mesh/SM_Bicycle_stand_1,/Game/Street_Props_Pack_V1/Mesh,/Game/Street_Props_Pack_V1/Mesh/SM_Bicycle_stand_1.SM_Bicycle_stand_1
Street_Props_Pack_V1,SM_Bicycle_stand_2,StaticMesh,/Game/Street_Props_Pack_V1/Mesh/SM_Bicycle_stand_2,/Game/Street_Props_Pack_V1/Mesh,/Game/Street_Props_Pack_V1/Mesh/SM_Bicycle_stand_2.SM_Bicycle_stand_2
Street_Props_Pack_V1,SM_Bus_stop,StaticMesh,/Game/Street_Props_Pack_V1/Mesh/SM_Bus_stop,/Game/Street_Props_Pack_V1/Mesh,/Game/Street_Props_Pack_V1/Mesh/SM_Bus_stop.SM_Bus_stop
Street_Props_Pack_V1,SM_Bus_Stop_2,StaticMesh,/Game/Street_Props_Pack_V1/Mesh/SM_Bus_Stop_2,/Game/Street_Props_Pack_V1/Mesh,/Game/Street_Props_Pack_V1/Mesh/SM_Bus_Stop_2.SM_Bus_Stop_2
Street_Props_Pack_V1,SM_Fence_1,StaticMesh,/Game/Street_Props_Pack_V1/Mesh/SM_Fence_1,/Game/Street_Props_Pack_V1/Mesh,/Game/Street_Props_Pack_V1/Mesh/SM_Fence_1.SM_Fence_1
Street_Props_Pack_V1,SM_Fence_2,StaticMesh,/Game/Street_Props_Pack_V1/Mesh/SM_Fence_2,/Game/Street_Props_Pack_V1/Mesh,/Game/Street_Props_Pack_V1/Mesh/SM_Fence_2.SM_Fence_2
Street_Props_Pack_V1,SM_Fence_3,StaticMesh,/Game/Street_Props_Pack_V1/Mesh/SM_Fence_3,/Game/Street_Props_Pack_V1/Mesh,/Game/Street_Props_Pack_V1/Mesh/SM_Fence_3.SM_Fence_3
Street_Props_Pack_V1,SM_Fence_4,StaticMesh,/Game/Street_Props_Pack_V1/Mesh/SM_Fence_4,/Game/Street_Props_Pack_V1/Mesh,/Game/Street_Props_Pack_V1/Mesh/SM_Fence_4.SM_Fence_4
Street_Props_Pack_V1,SM_Fence_5,StaticMesh,/Game/Street_Props_Pack_V1/Mesh/SM_Fence_5,/Game/Street_Props_Pack_V1/Mesh,/Game/Street_Props_Pack_V1/Mesh/SM_Fence_5.SM_Fence_5
Street_Props_Pack_V1,SM_Fence_6_A,StaticMesh,/Game/Street_Props_Pack_V1/Mesh/SM_Fence_6_A,/Game/Street_Props_Pack_V1/Mesh,/Game/Street_Props_Pack_V1/Mesh/SM_Fence_6_A.SM_Fence_6_A
Street_Props_Pack_V1,SM_Fence_6_B,StaticMesh,/Game/Street_Props_Pack_V1/Mesh/SM_Fence_6_B,/Game/Street_Props_Pack_V1/Mesh,/Game/Street_Props_Pack_V1/Mesh/SM_Fence_6_B.SM_Fence_6_B
Street_Props_Pack_V1,SM_Fence_6_C,StaticMesh,/Game/Street_Props_Pack_V1/Mesh/SM_Fence_6_C,/Game/Street_Props_Pack_V1/Mesh,/Game/Street_Props_Pack_V1/Mesh/SM_Fence_6_C.SM_Fence_6_C
Street_Props_Pack_V1,SM_Fence_7,StaticMesh,/Game/Street_Props_Pack_V1/Mesh/SM_Fence_7,/Game/Street_Props_Pack_V1/Mesh,/Game/Street_Props_Pack_V1/Mesh/SM_Fence_7.SM_Fence_7
Street_Props_Pack_V1,SM_Fence_8_A,StaticMesh,/Game/Street_Props_Pack_V1/Mesh/SM_Fence_8_A,/Game/Street_Props_Pack_V1/Mesh,/Game/Street_Props_Pack_V1/Mesh/SM_Fence_8_A.SM_Fence_8_A
Street_Props_Pack_V1,SM_Fence_8_B,StaticMesh,/Game/Street_Props_Pack_V1/Mesh/SM_Fence_8_B,/Game/Street_Props_Pack_V1/Mesh,/Game/Street_Props_Pack_V1/Mesh/SM_Fence_8_B.SM_Fence_8_B
Street_Props_Pack_V1,SM_Fence_8_C,StaticMesh,/Game/Street_Props_Pack_V1/Mesh/SM_Fence_8_C,/Game/Street_Props_Pack_V1/Mesh,/Game/Street_Props_Pack_V1/Mesh/SM_Fence_8_C.SM_Fence_8_C
Street_Props_Pack_V1,SM_Flower_Pot,StaticMesh,/Game/Street_Props_Pack_V1/Mesh/SM_Flower_Pot,/Game/Street_Props_Pack_V1/Mesh,/Game/Street_Props_Pack_V1/Mesh/SM_Flower_Pot.SM_Flower_Pot
Street_Props_Pack_V1,SM_Flower_Pot_2,StaticMesh,/Game/Street_Props_Pack_V1/Mesh/SM_Flower_Pot_2,/Game/Street_Props_Pack_V1/Mesh,/Game/Street_Props_Pack_V1/Mesh/SM_Flower_Pot_2.SM_Flower_Pot_2
Street_Props_Pack_V1,SM_Flower_Pot_3,StaticMesh,/Game/Street_Props_Pack_V1/Mesh/SM_Flower_Pot_3,/Game/Street_Props_Pack_V1/Mesh,/Game/Street_Props_Pack_V1/Mesh/SM_Flower_Pot_3.SM_Flower_Pot_3
Street_Props_Pack_V1,SM_Flower_Pot_4,StaticMesh,/Game/Street_Props_Pack_V1/Mesh/SM_Flower_Pot_4,/Game/Street_Props_Pack_V1/Mesh,/Game/Street_Props_Pack_V1/Mesh/SM_Flower_Pot_4.SM_Flower_Pot_4
Street_Props_Pack_V1,SM_Lantern_1,StaticMesh,/Game/Street_Props_Pack_V1/Mesh/SM_Lantern_1,/Game/Street_Props_Pack_V1/Mesh,/Game/Street_Props_Pack_V1/Mesh/SM_Lantern_1.SM_Lantern_1
Street_Props_Pack_V1,SM_Pallet,StaticMesh,/Game/Street_Props_Pack_V1/Mesh/SM_Pallet,/Game/Street_Props_Pack_V1/Mesh,/Game/Street_Props_Pack_V1/Mesh/SM_Pallet.SM_Pallet
Street_Props_Pack_V1,SM_Pier,StaticMesh,/Game/Street_Props_Pack_V1/Mesh/SM_Pier,/Game/Street_Props_Pack_V1/Mesh,/Game/Street_Props_Pack_V1/Mesh/SM_Pier.SM_Pier
Street_Props_Pack_V1,SM_Pier_2,StaticMesh,/Game/Street_Props_Pack_V1/Mesh/SM_Pier_2,/Game/Street_Props_Pack_V1/Mesh,/Game/Street_Props_Pack_V1/Mesh/SM_Pier_2.SM_Pier_2
Street_Props_Pack_V1,SM_Pier_3,StaticMesh,/Game/Street_Props_Pack_V1/Mesh/SM_Pier_3,/Game/Street_Props_Pack_V1/Mesh,/Game/Street_Props_Pack_V1/Mesh/SM_Pier_3.SM_Pier_3
Street_Props_Pack_V1,SM_Pier_4,StaticMesh,/Game/Street_Props_Pack_V1/Mesh/SM_Pier_4,/Game/Street_Props_Pack_V1/Mesh,/Game/Street_Props_Pack_V1/Mesh/SM_Pier_4.SM_Pier_4
Street_Props_Pack_V1,SM_Pylons,StaticMesh,/Game/Street_Props_Pack_V1/Mesh/SM_Pylons,/Game/Street_Props_Pack_V1/Mesh,/Game/Street_Props_Pack_V1/Mesh/SM_Pylons.SM_Pylons
Street_Props_Pack_V1,SM_Sign_1,StaticMesh,/Game/Street_Props_Pack_V1/Mesh/SM_Sign_1,/Game/Street_Props_Pack_V1/Mesh,/Game/Street_Props_Pack_V1/Mesh/SM_Sign_1.SM_Sign_1
Street_Props_Pack_V1,SM_Sign_2,StaticMesh,/Game/Street_Props_Pack_V1/Mesh/SM_Sign_2,/Game/Street_Props_Pack_V1/Mesh,/Game/Street_Props_Pack_V1/Mesh/SM_Sign_2.SM_Sign_2
Street_Props_Pack_V1,SM_Sign_3,StaticMesh,/Game/Street_Props_Pack_V1/Mesh/SM_Sign_3,/Game/Street_Props_Pack_V1/Mesh,/Game/Street_Props_Pack_V1/Mesh/SM_Sign_3.SM_Sign_3
Street_Props_Pack_V1,SM_Sign_4,StaticMesh,/Game/Street_Props_Pack_V1/Mesh/SM_Sign_4,/Game/Street_Props_Pack_V1/Mesh,/Game/Street_Props_Pack_V1/Mesh/SM_Sign_4.SM_Sign_4
Street_Props_Pack_V1,SM_Sign_5,StaticMesh,/Game/Street_Props_Pack_V1/Mesh/SM_Sign_5,/Game/Street_Props_Pack_V1/Mesh,/Game/Street_Props_Pack_V1/Mesh/SM_Sign_5.SM_Sign_5
Street_Props_Pack_V1,SM_Sign_6,StaticMesh,/Game/Street_Props_Pack_V1/Mesh/SM_Sign_6,/Game/Street_Props_Pack_V1/Mesh,/Game/Street_Props_Pack_V1/Mesh/SM_Sign_6.SM_Sign_6
Street_Props_Pack_V1,SM_Sign_7,StaticMesh,/Game/Street_Props_Pack_V1/Mesh/SM_Sign_7,/Game/Street_Props_Pack_V1/Mesh,/Game/Street_Props_Pack_V1/Mesh/SM_Sign_7.SM_Sign_7
Street_Props_Pack_V1,SM_Sign_8,StaticMesh,/Game/Street_Props_Pack_V1/Mesh/SM_Sign_8,/Game/Street_Props_Pack_V1/Mesh,/Game/Street_Props_Pack_V1/Mesh/SM_Sign_8.SM_Sign_8
Street_Props_Pack_V1,SM_Sign_9,StaticMesh,/Game/Street_Props_Pack_V1/Mesh/SM_Sign_9,/Game/Street_Props_Pack_V1/Mesh,/Game/Street_Props_Pack_V1/Mesh/SM_Sign_9.SM_Sign_9
Street_Props_Pack_V1,SM_Speed_Bumber,StaticMesh,/Game/Street_Props_Pack_V1/Mesh/SM_Speed_Bumber,/Game/Street_Props_Pack_V1/Mesh,/Game/Street_Props_Pack_V1/Mesh/SM_Speed_Bumber.SM_Speed_Bumber
Street_Props_Pack_V1,SM_Trash,StaticMesh,/Game/Street_Props_Pack_V1/Mesh/SM_Trash,/Game/Street_Props_Pack_V1/Mesh,/Game/Street_Props_Pack_V1/Mesh/SM_Trash.SM_Trash
Street_Props_Pack_V1,SM_Trash_2,StaticMesh,/Game/Street_Props_Pack_V1/Mesh/SM_Trash_2,/Game/Street_Props_Pack_V1/Mesh,/Game/Street_Props_Pack_V1/Mesh/SM_Trash_2.SM_Trash_2
Street_Props_Pack_V1,T_Roughness1,Texture2D,/Game/Street_Props_Pack_V1/Textures/Color_1/T_Roughness1,/Game/Street_Props_Pack_V1/Textures/Color_1,/Game/Street_Props_Pack_V1/Textures/Color_1/T_Roughness1.T_Roughness1
Street_Props_Pack_V1,T_White,Texture2D,/Game/Street_Props_Pack_V1/Textures/Color_1/T_White,/Game/Street_Props_Pack_V1/Textures/Color_1,/Game/Street_Props_Pack_V1/Textures/Color_1/T_White.T_White
Street_Props_Pack_V1,T_Red,Texture2D,/Game/Street_Props_Pack_V1/Textures/Color_2/T_Red,/Game/Street_Props_Pack_V1/Textures/Color_2,/Game/Street_Props_Pack_V1/Textures/Color_2/T_Red.T_Red
Street_Props_Pack_V1,T_Roughness2,Texture2D,/Game/Street_Props_Pack_V1/Textures/Color_2/T_Roughness2,/Game/Street_Props_Pack_V1/Textures/Color_2,/Game/Street_Props_Pack_V1/Textures/Color_2/T_Roughness2.T_Roughness2
Street_Props_Pack_V1,T_Green,Texture2D,/Game/Street_Props_Pack_V1/Textures/Color_3/T_Green,/Game/Street_Props_Pack_V1/Textures/Color_3,/Game/Street_Props_Pack_V1/Textures/Color_3/T_Green.T_Green
Street_Props_Pack_V1,T_Roughness3,Texture2D,/Game/Street_Props_Pack_V1/Textures/Color_3/T_Roughness3,/Game/Street_Props_Pack_V1/Textures/Color_3,/Game/Street_Props_Pack_V1/Textures/Color_3/T_Roughness3.T_Roughness3
Street_Props_Pack_V1,T_Black,Texture2D,/Game/Street_Props_Pack_V1/Textures/Color_4/T_Black,/Game/Street_Props_Pack_V1/Textures/Color_4,/Game/Street_Props_Pack_V1/Textures/Color_4/T_Black.T_Black
Street_Props_Pack_V1,T_Roughness_4,Texture2D,/Game/Street_Props_Pack_V1/Textures/Color_4/T_Roughness_4,/Game/Street_Props_Pack_V1/Textures/Color_4,/Game/Street_Props_Pack_V1/Textures/Color_4/T_Roughness_4.T_Roughness_4
Street_Props_Pack_V1,T_orange,Texture2D,/Game/Street_Props_Pack_V1/Textures/Color_5/T_orange,/Game/Street_Props_Pack_V1/Textures/Color_5,/Game/Street_Props_Pack_V1/Textures/Color_5/T_orange.T_orange
Street_Props_Pack_V1,T_Roughness5,Texture2D,/Game/Street_Props_Pack_V1/Textures/Color_5/T_Roughness5,/Game/Street_Props_Pack_V1/Textures/Color_5,/Game/Street_Props_Pack_V1/Textures/Color_5/T_Roughness5.T_Roughness5
Street_Props_Pack_V1,T_Gray,Texture2D,/Game/Street_Props_Pack_V1/Textures/Color_6/T_Gray,/Game/Street_Props_Pack_V1/Textures/Color_6,/Game/Street_Props_Pack_V1/Textures/Color_6/T_Gray.T_Gray
Street_Props_Pack_V1,T_Roughness6,Texture2D,/Game/Street_Props_Pack_V1/Textures/Color_6/T_Roughness6,/Game/Street_Props_Pack_V1/Textures/Color_6,/Game/Street_Props_Pack_V1/Textures/Color_6/T_Roughness6.T_Roughness6
Street_Props_Pack_V1,Blue,Texture2D,/Game/Street_Props_Pack_V1/Textures/Color_7/Blue,/Game/Street_Props_Pack_V1/Textures/Color_7,/Game/Street_Props_Pack_V1/Textures/Color_7/Blue.Blue
Street_Props_Pack_V1,T_Roughness7,Texture2D,/Game/Street_Props_Pack_V1/Textures/Color_7/T_Roughness7,/Game/Street_Props_Pack_V1/Textures/Color_7,/Game/Street_Props_Pack_V1/Textures/Color_7/T_Roughness7.T_Roughness7
Street_Props_Pack_V1,T_Roughness8,Texture2D,/Game/Street_Props_Pack_V1/Textures/Color_8/T_Roughness8,/Game/Street_Props_Pack_V1/Textures/Color_8,/Game/Street_Props_Pack_V1/Textures/Color_8/T_Roughness8.T_Roughness8
Street_Props_Pack_V1,T_Yellow,Texture2D,/Game/Street_Props_Pack_V1/Textures/Color_8/T_Yellow,/Game/Street_Props_Pack_V1/Textures/Color_8,/Game/Street_Props_Pack_V1/Textures/Color_8/T_Yellow.T_Yellow
Street_Props_Pack_V1,Concrete031_4K_AmbientOcclusion,Texture2D,/Game/Street_Props_Pack_V1/Textures/Concrete/Concrete031_4K_AmbientOcclusion,/Game/Street_Props_Pack_V1/Textures/Concrete,/Game/Street_Props_Pack_V1/Textures/Concrete/Concrete031_4K_AmbientOcclusion.Concrete031_4K_AmbientOcclusion
Street_Props_Pack_V1,Concrete031_4K_Color,Texture2D,/Game/Street_Props_Pack_V1/Textures/Concrete/Concrete031_4K_Color,/Game/Street_Props_Pack_V1/Textures/Concrete,/Game/Street_Props_Pack_V1/Textures/Concrete/Concrete031_4K_Color.Concrete031_4K_Color
Street_Props_Pack_V1,Concrete031_4K_Displacement,Texture2D,/Game/Street_Props_Pack_V1/Textures/Concrete/Concrete031_4K_Displacement,/Game/Street_Props_Pack_V1/Textures/Concrete,/Game/Street_Props_Pack_V1/Textures/Concrete/Concrete031_4K_Displacement.Concrete031_4K_Displacement
Street_Props_Pack_V1,Concrete031_4K_Normal,Texture2D,/Game/Street_Props_Pack_V1/Textures/Concrete/Concrete031_4K_Normal,/Game/Street_Props_Pack_V1/Textures/Concrete,/Game/Street_Props_Pack_V1/Textures/Concrete/Concrete031_4K_Normal.Concrete031_4K_Normal
Street_Props_Pack_V1,Concrete031_4K_Roughness,Texture2D,/Game/Street_Props_Pack_V1/Textures/Concrete/Concrete031_4K_Roughness,/Game/Street_Props_Pack_V1/Textures/Concrete,/Game/Street_Props_Pack_V1/Textures/Concrete/Concrete031_4K_Roughness.Concrete031_4K_Roughness
Street_Props_Pack_V1,Concrete020_4K_Color,Texture2D,/Game/Street_Props_Pack_V1/Textures/Concrete_2/Concrete020_4K_Color,/Game/Street_Props_Pack_V1/Textures/Concrete_2,/Game/Street_Props_Pack_V1/Textures/Concrete_2/Concrete020_4K_Color.Concrete020_4K_Color
Street_Props_Pack_V1,Concrete020_4K_Displacement,Texture2D,/Game/Street_Props_Pack_V1/Textures/Concrete_2/Concrete020_4K_Displacement,/Game/Street_Props_Pack_V1/Textures/Concrete_2,/Game/Street_Props_Pack_V1/Textures/Concrete_2/Concrete020_4K_Displacement.Concrete020_4K_Displacement
Street_Props_Pack_V1,Concrete020_4K_Normal,Texture2D,/Game/Street_Props_Pack_V1/Textures/Concrete_2/Concrete020_4K_Normal,/Game/Street_Props_Pack_V1/Textures/Concrete_2,/Game/Street_Props_Pack_V1/Textures/Concrete_2/Concrete020_4K_Normal.Concrete020_4K_Normal
Street_Props_Pack_V1,Concrete020_4K_Roughness,Texture2D,/Game/Street_Props_Pack_V1/Textures/Concrete_2/Concrete020_4K_Roughness,/Game/Street_Props_Pack_V1/Textures/Concrete_2,/Game/Street_Props_Pack_V1/Textures/Concrete_2/Concrete020_4K_Roughness.Concrete020_4K_Roughness
Street_Props_Pack_V1,Concrete025_4K_AmbientOcclusion,Texture2D,/Game/Street_Props_Pack_V1/Textures/Concrete_3/Concrete025_4K_AmbientOcclusion,/Game/Street_Props_Pack_V1/Textures/Concrete_3,/Game/Street_Props_Pack_V1/Textures/Concrete_3/Concrete025_4K_AmbientOcclusion.Concrete025_4K_AmbientOcclusion
Street_Props_Pack_V1,Concrete025_4K_Color,Texture2D,/Game/Street_Props_Pack_V1/Textures/Concrete_3/Concrete025_4K_Color,/Game/Street_Props_Pack_V1/Textures/Concrete_3,/Game/Street_Props_Pack_V1/Textures/Concrete_3/Concrete025_4K_Color.Concrete025_4K_Color
Street_Props_Pack_V1,Concrete025_4K_Displacement,Texture2D,/Game/Street_Props_Pack_V1/Textures/Concrete_3/Concrete025_4K_Displacement,/Game/Street_Props_Pack_V1/Textures/Concrete_3,/Game/Street_Props_Pack_V1/Textures/Concrete_3/Concrete025_4K_Displacement.Concrete025_4K_Displacement
Street_Props_Pack_V1,Concrete025_4K_Normal,Texture2D,/Game/Street_Props_Pack_V1/Textures/Concrete_3/Concrete025_4K_Normal,/Game/Street_Props_Pack_V1/Textures/Concrete_3,/Game/Street_Props_Pack_V1/Textures/Concrete_3/Concrete025_4K_Normal.Concrete025_4K_Normal
Street_Props_Pack_V1,Concrete025_4K_Roughness,Texture2D,/Game/Street_Props_Pack_V1/Textures/Concrete_3/Concrete025_4K_Roughness,/Game/Street_Props_Pack_V1/Textures/Concrete_3,/Game/Street_Props_Pack_V1/Textures/Concrete_3/Concrete025_4K_Roughness.Concrete025_4K_Roughness
Street_Props_Pack_V1,Ground042_4K_AmbientOcclusion,Texture2D,/Game/Street_Props_Pack_V1/Textures/Dirt/Ground042_4K_AmbientOcclusion,/Game/Street_Props_Pack_V1/Textures/Dirt,/Game/Street_Props_Pack_V1/Textures/Dirt/Ground042_4K_AmbientOcclusion.Ground042_4K_AmbientOcclusion
Street_Props_Pack_V1,Ground042_4K_Color,Texture2D,/Game/Street_Props_Pack_V1/Textures/Dirt/Ground042_4K_Color,/Game/Street_Props_Pack_V1/Textures/Dirt,/Game/Street_Props_Pack_V1/Textures/Dirt/Ground042_4K_Color.Ground042_4K_Color
Street_Props_Pack_V1,Ground042_4K_Displacement,Texture2D,/Game/Street_Props_Pack_V1/Textures/Dirt/Ground042_4K_Displacement,/Game/Street_Props_Pack_V1/Textures/Dirt,/Game/Street_Props_Pack_V1/Textures/Dirt/Ground042_4K_Displacement.Ground042_4K_Displacement
Street_Props_Pack_V1,Ground042_4K_Normal,Texture2D,/Game/Street_Props_Pack_V1/Textures/Dirt/Ground042_4K_Normal,/Game/Street_Props_Pack_V1/Textures/Dirt,/Game/Street_Props_Pack_V1/Textures/Dirt/Ground042_4K_Normal.Ground042_4K_Normal
Street_Props_Pack_V1,Ground042_4K_Roughness,Texture2D,/Game/Street_Props_Pack_V1/Textures/Dirt/Ground042_4K_Roughness,/Game/Street_Props_Pack_V1/Textures/Dirt,/Game/Street_Props_Pack_V1/Textures/Dirt/Ground042_4K_Roughness.Ground042_4K_Roughness
Street_Props_Pack_V1,T_MacroVariation,Texture2D,/Game/Street_Props_Pack_V1/Textures/Macro/T_MacroVariation,/Game/Street_Props_Pack_V1/Textures/Macro,/Game/Street_Props_Pack_V1/Textures/Macro/T_MacroVariation.T_MacroVariation
Street_Props_Pack_V1,Metal028_4K_Color,Texture2D,/Game/Street_Props_Pack_V1/Textures/Metal_1/Metal028_4K_Color,/Game/Street_Props_Pack_V1/Textures/Metal_1,/Game/Street_Props_Pack_V1/Textures/Metal_1/Metal028_4K_Color.Metal028_4K_Color
Street_Props_Pack_V1,Metal028_4K_Displacement,Texture2D,/Game/Street_Props_Pack_V1/Textures/Metal_1/Metal028_4K_Displacement,/Game/Street_Props_Pack_V1/Textures/Metal_1,/Game/Street_Props_Pack_V1/Textures/Metal_1/Metal028_4K_Displacement.Metal028_4K_Displacement
Street_Props_Pack_V1,Metal028_4K_Metalness,Texture2D,/Game/Street_Props_Pack_V1/Textures/Metal_1/Metal028_4K_Metalness,/Game/Street_Props_Pack_V1/Textures/Metal_1,/Game/Street_Props_Pack_V1/Textures/Metal_1/Metal028_4K_Metalness.Metal028_4K_Metalness
Street_Props_Pack_V1,Metal028_4K_Normal,Texture2D,/Game/Street_Props_Pack_V1/Textures/Metal_1/Metal028_4K_Normal,/Game/Street_Props_Pack_V1/Textures/Metal_1,/Game/Street_Props_Pack_V1/Textures/Metal_1/Metal028_4K_Normal.Metal028_4K_Normal
Street_Props_Pack_V1,Metal028_4K_Roughness,Texture2D,/Game/Street_Props_Pack_V1/Textures/Metal_1/Metal028_4K_Roughness,/Game/Street_Props_Pack_V1/Textures/Metal_1,/Game/Street_Props_Pack_V1/Textures/Metal_1/Metal028_4K_Roughness.Metal028_4K_Roughness
Street_Props_Pack_V1,Metal024_4K_Color,Texture2D,/Game/Street_Props_Pack_V1/Textures/Metal_2/Metal024_4K_Color,/Game/Street_Props_Pack_V1/Textures/Metal_2,/Game/Street_Props_Pack_V1/Textures/Metal_2/Metal024_4K_Color.Metal024_4K_Color
Street_Props_Pack_V1,Metal024_4K_Displacement,Texture2D,/Game/Street_Props_Pack_V1/Textures/Metal_2/Metal024_4K_Displacement,/Game/Street_Props_Pack_V1/Textures/Metal_2,/Game/Street_Props_Pack_V1/Textures/Metal_2/Metal024_4K_Displacement.Metal024_4K_Displacement
Street_Props_Pack_V1,Metal024_4K_Metalness,Texture2D,/Game/Street_Props_Pack_V1/Textures/Metal_2/Metal024_4K_Metalness,/Game/Street_Props_Pack_V1/Textures/Metal_2,/Game/Street_Props_Pack_V1/Textures/Metal_2/Metal024_4K_Metalness.Metal024_4K_Metalness
Street_Props_Pack_V1,Metal024_4K_Normal,Texture2D,/Game/Street_Props_Pack_V1/Textures/Metal_2/Metal024_4K_Normal,/Game/Street_Props_Pack_V1/Textures/Metal_2,/Game/Street_Props_Pack_V1/Textures/Metal_2/Metal024_4K_Normal.Metal024_4K_Normal
Street_Props_Pack_V1,Metal024_4K_Roughness,Texture2D,/Game/Street_Props_Pack_V1/Textures/Metal_2/Metal024_4K_Roughness,/Game/Street_Props_Pack_V1/Textures/Metal_2,/Game/Street_Props_Pack_V1/Textures/Metal_2/Metal024_4K_Roughness.Metal024_4K_Roughness
Street_Props_Pack_V1,Metal032_4K_Color,Texture2D,/Game/Street_Props_Pack_V1/Textures/Metal_3/Metal032_4K_Color,/Game/Street_Props_Pack_V1/Textures/Metal_3,/Game/Street_Props_Pack_V1/Textures/Metal_3/Metal032_4K_Color.Metal032_4K_Color
Street_Props_Pack_V1,Metal032_4K_Displacement,Texture2D,/Game/Street_Props_Pack_V1/Textures/Metal_3/Metal032_4K_Displacement,/Game/Street_Props_Pack_V1/Textures/Metal_3,/Game/Street_Props_Pack_V1/Textures/Metal_3/Metal032_4K_Displacement.Metal032_4K_Displacement
Street_Props_Pack_V1,Metal032_4K_Metalness,Texture2D,/Game/Street_Props_Pack_V1/Textures/Metal_3/Metal032_4K_Metalness,/Game/Street_Props_Pack_V1/Textures/Metal_3,/Game/Street_Props_Pack_V1/Textures/Metal_3/Metal032_4K_Metalness.Metal032_4K_Metalness
Street_Props_Pack_V1,Metal032_4K_Normal,Texture2D,/Game/Street_Props_Pack_V1/Textures/Metal_3/Metal032_4K_Normal,/Game/Street_Props_Pack_V1/Textures/Metal_3,/Game/Street_Props_Pack_V1/Textures/Metal_3/Metal032_4K_Normal.Metal032_4K_Normal
Street_Props_Pack_V1,Metal032_4K_Roughness,Texture2D,/Game/Street_Props_Pack_V1/Textures/Metal_3/Metal032_4K_Roughness,/Game/Street_Props_Pack_V1/Textures/Metal_3,/Game/Street_Props_Pack_V1/Textures/Metal_3/Metal032_4K_Roughness.Metal032_4K_Roughness
Street_Props_Pack_V1,T_Plastic_1,Texture2D,/Game/Street_Props_Pack_V1/Textures/Plastic_1/T_Plastic_1,/Game/Street_Props_Pack_V1/Textures/Plastic_1,/Game/Street_Props_Pack_V1/Textures/Plastic_1/T_Plastic_1.T_Plastic_1
Street_Props_Pack_V1,T_Plastic_3K_Normal,Texture2D,/Game/Street_Props_Pack_V1/Textures/Plastic_1/T_Plastic_3K_Normal,/Game/Street_Props_Pack_V1/Textures/Plastic_1,/Game/Street_Props_Pack_V1/Textures/Plastic_1/T_Plastic_3K_Normal.T_Plastic_3K_Normal
Street_Props_Pack_V1,T_30,Texture2D,/Game/Street_Props_Pack_V1/Textures/Sign/T_30,/Game/Street_Props_Pack_V1/Textures/Sign,/Game/Street_Props_Pack_V1/Textures/Sign/T_30.T_30
Street_Props_Pack_V1,T_50,Texture2D,/Game/Street_Props_Pack_V1/Textures/Sign/T_50,/Game/Street_Props_Pack_V1/Textures/Sign,/Game/Street_Props_Pack_V1/Textures/Sign/T_50.T_50
Street_Props_Pack_V1,T_70,Texture2D,/Game/Street_Props_Pack_V1/Textures/Sign/T_70,/Game/Street_Props_Pack_V1/Textures/Sign,/Game/Street_Props_Pack_V1/Textures/Sign/T_70.T_70
Street_Props_Pack_V1,T_No_Parking,Texture2D,/Game/Street_Props_Pack_V1/Textures/Sign/T_No_Parking,/Game/Street_Props_Pack_V1/Textures/Sign,/Game/Street_Props_Pack_V1/Textures/Sign/T_No_Parking.T_No_Parking
Street_Props_Pack_V1,T_Road_Closed,Texture2D,/Game/Street_Props_Pack_V1/Textures/Sign/T_Road_Closed,/Game/Street_Props_Pack_V1/Textures/Sign,/Game/Street_Props_Pack_V1/Textures/Sign/T_Road_Closed.T_Road_Closed
Street_Props_Pack_V1,T_Roughness1,Texture2D,/Game/Street_Props_Pack_V1/Textures/Sign/T_Roughness1,/Game/Street_Props_Pack_V1/Textures/Sign,/Game/Street_Props_Pack_V1/Textures/Sign/T_Roughness1.T_Roughness1
Street_Props_Pack_V1,T_Sign,Texture2D,/Game/Street_Props_Pack_V1/Textures/Sign/T_Sign,/Game/Street_Props_Pack_V1/Textures/Sign,/Game/Street_Props_Pack_V1/Textures/Sign/T_Sign.T_Sign
Street_Props_Pack_V1,T_Stop,Texture2D,/Game/Street_Props_Pack_V1/Textures/Sign/T_Stop,/Game/Street_Props_Pack_V1/Textures/Sign,/Game/Street_Props_Pack_V1/Textures/Sign/T_Stop.T_Stop
Street_Props_Pack_V1,T_Street__2_,Texture2D,/Game/Street_Props_Pack_V1/Textures/Sign/T_Street__2_,/Game/Street_Props_Pack_V1/Textures/Sign,/Game/Street_Props_Pack_V1/Textures/Sign/T_Street__2_.T_Street__2_
Street_Props_Pack_V1,T_Text_1,Texture2D,/Game/Street_Props_Pack_V1/Textures/Text/T_Text_1,/Game/Street_Props_Pack_V1/Textures/Text,/Game/Street_Props_Pack_V1/Textures/Text/T_Text_1.T_Text_1
Street_Props_Pack_V1,T_Text_2,Texture2D,/Game/Street_Props_Pack_V1/Textures/Text/T_Text_2,/Game/Street_Props_Pack_V1/Textures/Text,/Game/Street_Props_Pack_V1/Textures/Text/T_Text_2.T_Text_2
Street_Props_Pack_V1,Wood060_4K_AmbientOcclusion,Texture2D,/Game/Street_Props_Pack_V1/Textures/Wood/Wood060_4K_AmbientOcclusion,/Game/Street_Props_Pack_V1/Textures/Wood,/Game/Street_Props_Pack_V1/Textures/Wood/Wood060_4K_AmbientOcclusion.Wood060_4K_AmbientOcclusion
Street_Props_Pack_V1,Wood060_4K_Color,Texture2D,/Game/Street_Props_Pack_V1/Textures/Wood/Wood060_4K_Color,/Game/Street_Props_Pack_V1/Textures/Wood,/Game/Street_Props_Pack_V1/Textures/Wood/Wood060_4K_Color.Wood060_4K_Color
Street_Props_Pack_V1,Wood060_4K_Displacement,Texture2D,/Game/Street_Props_Pack_V1/Textures/Wood/Wood060_4K_Displacement,/Game/Street_Props_Pack_V1/Textures/Wood,/Game/Street_Props_Pack_V1/Textures/Wood/Wood060_4K_Displacement.Wood060_4K_Displacement
Street_Props_Pack_V1,Wood060_4K_Normal,Texture2D,/Game/Street_Props_Pack_V1/Textures/Wood/Wood060_4K_Normal,/Game/Street_Props_Pack_V1/Textures/Wood,/Game/Street_Props_Pack_V1/Textures/Wood/Wood060_4K_Normal.Wood060_4K_Normal
Street_Props_Pack_V1,Wood060_4K_Roughness,Texture2D,/Game/Street_Props_Pack_V1/Textures/Wood/Wood060_4K_Roughness,/Game/Street_Props_Pack_V1/Textures/Wood,/Game/Street_Props_Pack_V1/Textures/Wood/Wood060_4K_Roughness.Wood060_4K_Roughness
Street_Props_Pack_V1,Wood039_4K_Color,Texture2D,/Game/Street_Props_Pack_V1/Textures/Wood_2/Wood039_4K_Color,/Game/Street_Props_Pack_V1/Textures/Wood_2,/Game/Street_Props_Pack_V1/Textures/Wood_2/Wood039_4K_Color.Wood039_4K_Color
Street_Props_Pack_V1,Wood039_4K_Displacement,Texture2D,/Game/Street_Props_Pack_V1/Textures/Wood_2/Wood039_4K_Displacement,/Game/Street_Props_Pack_V1/Textures/Wood_2,/Game/Street_Props_Pack_V1/Textures/Wood_2/Wood039_4K_Displacement.Wood039_4K_Displacement
Street_Props_Pack_V1,Wood039_4K_Normal,Texture2D,/Game/Street_Props_Pack_V1/Textures/Wood_2/Wood039_4K_Normal,/Game/Street_Props_Pack_V1/Textures/Wood_2,/Game/Street_Props_Pack_V1/Textures/Wood_2/Wood039_4K_Normal.Wood039_4K_Normal
Street_Props_Pack_V1,Wood039_4K_Roughness,Texture2D,/Game/Street_Props_Pack_V1/Textures/Wood_2/Wood039_4K_Roughness,/Game/Street_Props_Pack_V1/Textures/Wood_2,/Game/Street_Props_Pack_V1/Textures/Wood_2/Wood039_4K_Roughness.Wood039_4K_Roughness
Street_Props_Pack_V1,Wood057_4K_Color,Texture2D,/Game/Street_Props_Pack_V1/Textures/Wood_3/Wood057_4K_Color,/Game/Street_Props_Pack_V1/Textures/Wood_3,/Game/Street_Props_Pack_V1/Textures/Wood_3/Wood057_4K_Color.Wood057_4K_Color
Street_Props_Pack_V1,Wood057_4K_Displacement,Texture2D,/Game/Street_Props_Pack_V1/Textures/Wood_3/Wood057_4K_Displacement,/Game/Street_Props_Pack_V1/Textures/Wood_3,/Game/Street_Props_Pack_V1/Textures/Wood_3/Wood057_4K_Displacement.Wood057_4K_Displacement
Street_Props_Pack_V1,Wood057_4K_Normal,Texture2D,/Game/Street_Props_Pack_V1/Textures/Wood_3/Wood057_4K_Normal,/Game/Street_Props_Pack_V1/Textures/Wood_3,/Game/Street_Props_Pack_V1/Textures/Wood_3/Wood057_4K_Normal.Wood057_4K_Normal
Street_Props_Pack_V1,Wood057_4K_Roughness,Texture2D,/Game/Street_Props_Pack_V1/Textures/Wood_3/Wood057_4K_Roughness,/Game/Street_Props_Pack_V1/Textures/Wood_3,/Game/Street_Props_Pack_V1/Textures/Wood_3/Wood057_4K_Roughness.Wood057_4K_Roughness
Street_Props_Pack_V1,Preview,World,/Game/Street_Props_Pack_V1/Maps/Preview,/Game/Street_Props_Pack_V1/Maps,/Game/Street_Props_Pack_V1/Maps/Preview.Preview
