mount_point,asset_name,package_name,object_path,dependencies
/Game,AI_TestMap,/Game/TopDownShooter/Maps/AI_TestMap,/Game/TopDownShooter/Maps/AI_TestMap.AI_TestMap,/Engine/BasicShapes/Cube|/Engine/BasicShapes/Sphere|/Engine/EditorResources/LightIcons/S_LightError|/Game/TopDownShooter/Core/BP_FPSGameMode|/Script/NavigationSystem
/Game,MainMap,/Game/TopDownShooter/Maps/MainMap,/Game/TopDownShooter/Maps/MainMap.MainMap,/Engine/EditorResources/AudioIcons/S_AudioComponent|/Engine/EditorResources/AudioIcons/S_AudioComponent_AutoActivate|/Engine/EditorResources/LightIcons/S_LightError|/Engine/EngineMaterials/WorldGridMaterial|/Game/TopDownShooter/Core/BP_Enemy|/Game/TopDownShooter/Core/BP_EnemySpawner|/Game/TopDownShooter/Maps/_GENERATED/malik/CubeGridToolOutput_486F90D7|/Game/TopDownShooter/Ressources/Audio/A_InGame_BG_Music_Cue|/Game/TopDownShooter/Ressources/Character/MI_Manny_01|/Game/TopDownShooter/Ressources/Character/MI_Manny_02|/Game/TopDownShooter/Ressources/Fab/Megascans/3D/Coconut_tg3mfgrpa/Medium/tg3mfgrpa_tier_2|/Game/TopDownShooter/Ressources/SM_MatPreviewMesh_01|/Script/NavigationSystem
/Game,MainMap1,/Game/TopDownShooter/Maps/MainMap1,/Game/TopDownShooter/Maps/MainMap1.MainMap1,/Engine/EditorResources/AudioIcons/S_AudioComponent|/Engine/EditorResources/AudioIcons/S_AudioComponent_AutoActivate|/Engine/EditorResources/LightIcons/S_LightError|/Engine/EngineMaterials/WorldGridMaterial|/Game/TopDownShooter/Core/BP_Enemy|/Game/TopDownShooter/Core/BP_EnemySpawner|/Game/TopDownShooter/Maps/_GENERATED/malik/CubeGridToolOutput_02A99EA6|/Game/TopDownShooter/Maps/_GENERATED/malik/CubeGridToolOutput_486F90D7|/Game/TopDownShooter/Maps/_GENERATED/malik/CubeGridToolOutput_6B94D04D|/Game/TopDownShooter/Maps/_GENERATED/malik/CubeGridToolOutput_985FE828|/Game/TopDownShooter/Maps/_GENERATED/malik/CubeGridToolOutput_E7617FD1|/Game/TopDownShooter/Ressources/Audio/A_InGame_BG_Music_Cue|/Game/TopDownShooter/Ressources/Character/MI_Manny_01|/Game/TopDownShooter/Ressources/Character/MI_Manny_02|/Game/TopDownShooter/Ressources/Fab/Megascans/3D/Coconut_tg3mfgrpa/Medium/tg3mfgrpa_tier_2|/Game/TopDownShooter/Ressources/SM_MatPreviewMesh_01|/Game/TopDownShooter/Ressources/StarterContent/Materials/M_Brick_Clay_New|/Game/TopDownShooter/Ressources/StarterContent/Materials/M_Wood_Floor_Walnut_Polished|/Game/TopDownShooter/Ressources/StarterContent/Materials/M_Wood_Floor_Walnut_Worn|/Script/NavigationSystem
/Game,ZM_BlackTide_ArtPass,/Game/TopDownShooter/Maps/ZM_BlackTide_ArtPass,/Game/TopDownShooter/Maps/ZM_BlackTide_ArtPass.ZM_BlackTide_ArtPass,/Engine/BasicShapes/Cube|/Engine/BasicShapes/Cylinder|/Engine/BasicShapes/Sphere|/Engine/EditorResources/LightIcons/S_LightError|/Engine/EngineMaterials/WorldGridMaterial|/Game/TopDownShooter/Core/BP_FPSGameMode|/Game/TopDownShooter/Ressources/StarterContent/Materials/M_Brick_Clay_Beveled|/Game/TopDownShooter/Ressources/StarterContent/Materials/M_Concrete_Grime|/Game/TopDownShooter/Ressources/StarterContent/Materials/M_Glass|/Game/TopDownShooter/Ressources/StarterContent/Materials/M_Metal_Brushed_Nickel|/Game/TopDownShooter/Ressources/StarterContent/Materials/M_Wood_Floor_Walnut_Polished|/Script/NavigationSystem
/Game,ZM_BlackTide_ArtPass_V2,/Game/TopDownShooter/Maps/ZM_BlackTide_ArtPass_V2,/Game/TopDownShooter/Maps/ZM_BlackTide_ArtPass_V2.ZM_BlackTide_ArtPass_V2,/Engine/BasicShapes/Cube|/Engine/BasicShapes/Cylinder|/Engine/BasicShapes/Sphere|/Engine/EditorResources/LightIcons/S_LightError|/Engine/EngineMaterials/WorldGridMaterial|/Game/TopDownShooter/Core/BP_FPSGameMode|/Game/TopDownShooter/Ressources/StarterContent/Architecture/Wall_400x400|/Game/TopDownShooter/Ressources/StarterContent/Architecture/Wall_Door_400x400|/Game/TopDownShooter/Ressources/StarterContent/Architecture/Wall_Window_400x400|/Game/TopDownShooter/Ressources/StarterContent/Blueprints/Blueprint_CeilingLight|/Game/TopDownShooter/Ressources/StarterContent/Blueprints/Blueprint_WallSconce|/Game/TopDownShooter/Ressources/StarterContent/Materials/M_Brick_Clay_Beveled|/Game/TopDownShooter/Ressources/StarterContent/Materials/M_Brick_Clay_Old|/Game/TopDownShooter/Ressources/StarterContent/Materials/M_CobbleStone_Rough|/Game/TopDownShooter/Ressources/StarterContent/Materials/M_Concrete_Grime|/Game/TopDownShooter/Ressources/StarterContent/Materials/M_Concrete_Panels|/Game/TopDownShooter/Ressources/StarterContent/Materials/M_Glass|/Game/TopDownShooter/Ressources/StarterContent/Materials/M_Ground_Moss|/Game/TopDownShooter/Ressources/StarterContent/Materials/M_Metal_Brushed_Nickel|/Game/TopDownShooter/Ressources/StarterContent/Materials/M_Metal_Rust|/Game/TopDownShooter/Ressources/StarterContent/Materials/M_Metal_Steel|/Game/TopDownShooter/Ressources/StarterContent/Materials/M_Tech_Hex_Tile_Pulse|/Game/TopDownShooter/Ressources/StarterContent/Materials/M_Tech_Panel|/Game/TopDownShooter/Ressources/StarterContent/Materials/M_Water_Ocean|/Game/TopDownShooter/Ressources/StarterContent/Materials/M_Wood_Floor_Walnut_Polished|/Game/TopDownShooter/Ressources/StarterContent/Materials/M_Wood_Floor_Walnut_Worn|/Game/TopDownShooter/Ressources/StarterContent/Props/SM_Chair|/Game/TopDownShooter/Ressources/StarterContent/Props/SM_Couch|/Game/TopDownShooter/Ressources/StarterContent/Props/SM_Door|/Game/TopDownShooter/Ressources/StarterContent/Props/SM_GlassWindow|/Game/TopDownShooter/Ressources/StarterContent/Props/SM_PillarFrame300|/Game/TopDownShooter/Ressources/StarterContent/Props/SM_Rock|/Game/TopDownShooter/Ressources/StarterContent/Props/SM_Shelf|/Game/TopDownShooter/Ressources/StarterContent/Props/SM_Statue|/Game/TopDownShooter/Ressources/StarterContent/Props/SM_TableRound|/Game/TopDownShooter/Ressources/StarterContent/Props/SM_WindowFrame|/Game/TopDownShooter/Ressources/StarterContent/Shapes/Shape_Cube|/Game/TopDownShooter/Ressources/StarterContent/Shapes/Shape_Cylinder|/Game/TopDownShooter/Ressources/StarterContent/Shapes/Shape_Pipe|/Game/TopDownShooter/Ressources/StarterContent/Shapes/Shape_Plane|/Game/TopDownShooter/Ressources/StarterContent/Shapes/Shape_Torus|/Script/NavigationSystem
/Game,ZM_BlackTide_Greybox,/Game/TopDownShooter/Maps/ZM_BlackTide_Greybox,/Game/TopDownShooter/Maps/ZM_BlackTide_Greybox.ZM_BlackTide_Greybox,/Engine/BasicShapes/Cube|/Engine/BasicShapes/Cylinder|/Engine/BasicShapes/Sphere|/Engine/EditorResources/LightIcons/S_LightError|/Game/TopDownShooter/Core/BP_FPSGameMode|/Game/TopDownShooter/Ressources/StarterContent/Materials/M_Brick_Clay_Beveled|/Game/TopDownShooter/Ressources/StarterContent/Materials/M_Concrete_Grime|/Game/TopDownShooter/Ressources/StarterContent/Materials/M_Glass|/Game/TopDownShooter/Ressources/StarterContent/Materials/M_Metal_Brushed_Nickel|/Game/TopDownShooter/Ressources/StarterContent/Materials/M_Wood_Floor_Walnut_Polished|/Script/NavigationSystem
/Game,Advanced_Lighting,/Game/TopDownShooter/Ressources/StarterContent/Maps/Advanced_Lighting,/Game/TopDownShooter/Ressources/StarterContent/Maps/Advanced_Lighting.Advanced_Lighting,/Engine/EditorMeshes/ColorCalibrator/SM_ColorCalibrator|/Engine/EditorResources/LightIcons/S_LightError|/Engine/EngineMaterials/WorldGridMaterial|/Game/TopDownShooter/Ressources/StarterContent/Architecture/SM_AssetPlatform|/Game/TopDownShooter/Ressources/StarterContent/Blueprints/Assets/M_LightStage_Arrows|/Game/TopDownShooter/Ressources/StarterContent/Blueprints/Assets/M_LightStage_Skybox_HDRI|/Game/TopDownShooter/Ressources/StarterContent/Blueprints/BP_LightStudio|/Game/TopDownShooter/Ressources/StarterContent/HDRI/HDRI_Epic_Courtyard_Daylight|/Game/TopDownShooter/Ressources/StarterContent/Maps/Advanced_Lighting_BuiltData|/Game/TopDownShooter/Ressources/StarterContent/Materials/M_AssetPlatform|/Script/Foliage|/Script/NavigationSystem
/Game,Minimal_Default,/Game/TopDownShooter/Ressources/StarterContent/Maps/Minimal_Default,/Game/TopDownShooter/Ressources/StarterContent/Maps/Minimal_Default.Minimal_Default,/Engine/EditorResources/AudioIcons/S_AudioComponent|/Engine/EditorResources/AudioIcons/S_AudioComponent_AutoActivate|/Engine/EditorResources/LightIcons/S_LightError|/Engine/EngineMaterials/WorldGridMaterial|/Engine/EngineSky/M_SimpleSkyDome|/Engine/EngineSky/SM_SkySphere|/Game/TopDownShooter/Ressources/StarterContent/Architecture/Floor_400x400|/Game/TopDownShooter/Ressources/StarterContent/Audio/Starter_Background_Cue|/Game/TopDownShooter/Ressources/StarterContent/Maps/Minimal_Default_BuiltData|/Game/TopDownShooter/Ressources/StarterContent/Materials/M_Ceramic_Tile_Checker|/Game/TopDownShooter/Ressources/StarterContent/Materials/M_Metal_Burnished_Steel|/Game/TopDownShooter/Ressources/StarterContent/Props/Materials/M_Chair|/Game/TopDownShooter/Ressources/StarterContent/Props/Materials/M_StatueGlass|/Game/TopDownShooter/Ressources/StarterContent/Props/SM_Chair|/Game/TopDownShooter/Ressources/StarterContent/Props/SM_Statue|/Game/TopDownShooter/Ressources/StarterContent/Props/SM_TableRound|/Script/NavigationSystem
/Game,StarterMap,/Game/TopDownShooter/Ressources/StarterContent/Maps/StarterMap,/Game/TopDownShooter/Ressources/StarterContent/Maps/StarterMap.StarterMap,/Engine/EditorResources/AudioIcons/S_AudioComponent|/Engine/EditorResources/AudioIcons/S_AudioComponent_AutoActivate|/Engine/EditorResources/LightIcons/S_LightError|/Engine/EngineMaterials/AntiAliasedTextMaterialTranslucent|/Engine/EngineMaterials/WorldGridMaterial|/Engine/EngineSky/M_SimpleSkyDome|/Engine/EngineSky/SM_SkySphere|/Game/TopDownShooter/Ressources/StarterContent/Architecture/Floor_400x400|/Game/TopDownShooter/Ressources/StarterContent/Architecture/Wall_400x200|/Game/TopDownShooter/Ressources/StarterContent/Architecture/Wall_Door_400x300|/Game/TopDownShooter/Ressources/StarterContent/Architecture/Wall_Window_400x300|/Game/TopDownShooter/Ressources/StarterContent/Audio/Collapse_Cue|/Game/TopDownShooter/Ressources/StarterContent/Audio/Starter_Background_Cue|/Game/TopDownShooter/Ressources/StarterContent/Audio/Starter_Music_Cue|/Game/TopDownShooter/Ressources/StarterContent/Blueprints/Blueprint_CeilingLight|/Game/TopDownShooter/Ressources/StarterContent/Blueprints/Blueprint_Effect_Fire|/Game/TopDownShooter/Ressources/StarterContent/Blueprints/Blueprint_Effect_Smoke|/Game/TopDownShooter/Ressources/StarterContent/Blueprints/Blueprint_Effect_Sparks|/Game/TopDownShooter/Ressources/StarterContent/Blueprints/Blueprint_Effect_Steam|/Game/TopDownShooter/Ressources/StarterContent/Blueprints/Blueprint_WallSconce|/Game/TopDownShooter/Ressources/StarterContent/Maps/StarterMap_BuiltData|/Game/TopDownShooter/Ressources/StarterContent/Materials/M_Brick_Clay_Beveled|/Game/TopDownShooter/Ressources/StarterContent/Materials/M_Brick_Clay_New|/Game/TopDownShooter/Ressources/StarterContent/Materials/M_Brick_Clay_Old|/Game/TopDownShooter/Ressources/StarterContent/Materials/M_Brick_Cut_Stone|/Game/TopDownShooter/Ressources/StarterContent/Materials/M_Brick_Hewn_Stone|/Game/TopDownShooter/Ressources/StarterContent/Materials/M_Ceramic_Tile_Checker|/Game/TopDownShooter/Ressources/StarterContent/Materials/M_CobbleStone_Pebble|/Game/TopDownShooter/Ressources/StarterContent/Materials/M_CobbleStone_Rough|/Game/TopDownShooter/Ressources/StarterContent/Materials/M_CobbleStone_Smooth|/Game/TopDownShooter/Ressources/StarterContent/Materials/M_Concrete_Grime|/Game/TopDownShooter/Ressources/StarterContent/Materials/M_Concrete_Panels|/Game/TopDownShooter/Ressources/StarterContent/Materials/M_Concrete_Poured|/Game/TopDownShooter/Ressources/StarterContent/Materials/M_Concrete_Tiles|/Game/TopDownShooter/Ressources/StarterContent/Materials/M_Ground_Grass|/Game/TopDownShooter/Ressources/StarterContent/Materials/M_Ground_Gravel|/Game/TopDownShooter/Ressources/StarterContent/Materials/M_Ground_Moss|/Game/TopDownShooter/Ressources/StarterContent/Materials/M_Metal_Brushed_Nickel|/Game/TopDownShooter/Ressources/StarterContent/Materials/M_Metal_Burnished_Steel|/Game/TopDownShooter/Ressources/StarterContent/Materials/M_Metal_Chrome|/Game/TopDownShooter/Ressources/StarterContent/Materials/M_Metal_Copper|/Game/TopDownShooter/Ressources/StarterContent/Materials/M_Metal_Gold|/Game/TopDownShooter/Ressources/StarterContent/Materials/M_Metal_Rust|/Game/TopDownShooter/Ressources/StarterContent/Materials/M_Metal_Steel|/Game/TopDownShooter/Ressources/StarterContent/Materials/M_Rock_Basalt|/Game/TopDownShooter/Ressources/StarterContent/Materials/M_Rock_Marble_Polished|/Game/TopDownShooter/Ressources/StarterContent/Materials/M_Rock_Sandstone|/Game/TopDownShooter/Ressources/StarterContent/Materials/M_Rock_Slate|/Game/TopDownShooter/Ressources/StarterContent/Materials/M_Tech_Checker_Dot|/Game/TopDownShooter/Ressources/StarterContent/Materials/M_Tech_Hex_Tile|/Game/TopDownShooter/Ressources/StarterContent/Materials/M_Tech_Hex_Tile_Pulse|/Game/TopDownShooter/Ressources/StarterContent/Materials/M_Tech_Panel|/Game/TopDownShooter/Ressources/StarterContent/Materials/M_Water_Lake|/Game/TopDownShooter/Ressources/StarterContent/Materials/M_Water_Ocean|/Game/TopDownShooter/Ressources/StarterContent/Materials/M_Wood_Floor_Walnut_Polished|/Game/TopDownShooter/Ressources/StarterContent/Materials/M_Wood_Floor_Walnut_Worn|/Game/TopDownShooter/Ressources/StarterContent/Materials/M_Wood_Oak|/Game/TopDownShooter/Ressources/StarterContent/Materials/M_Wood_Pine|/Game/TopDownShooter/Ressources/StarterContent/Materials/M_Wood_Walnut|/Game/TopDownShooter/Ressources/StarterContent/Particles/P_Ambient_Dust|/Game/TopDownShooter/Ressources/StarterContent/Props/MaterialSphere|/Game/TopDownShooter/Ressources/StarterContent/Props/Materials/M_Chair|/Game/TopDownShooter/Ressources/StarterContent/Props/SM_Chair|/Game/TopDownShooter/Ressources/StarterContent/Props/SM_CornerFrame|/Game/TopDownShooter/Ressources/StarterContent/Props/SM_DoorFrame|/Game/TopDownShooter/Ressources/StarterContent/Props/SM_GlassWindow|/Game/TopDownShooter/Ressources/StarterContent/Props/SM_PillarFrame|/Game/TopDownShooter/Ressources/StarterContent/Props/SM_PillarFrame300|/Game/TopDownShooter/Ressources/StarterContent/Props/SM_Statue|/Game/TopDownShooter/Ressources/StarterContent/Props/SM_TableRound|/Game/TopDownShooter/Ressources/StarterContent/Props/SM_WindowFrame|/Game/TopDownShooter/Ressources/StarterContent/Shapes/Shape_Cube|/Game/TopDownShooter/Ressources/StarterContent/Shapes/Shape_QuadPyramid|/Game/TopDownShooter/Ressources/StarterContent/Shapes/Shape_Sphere|/Script/Foliage|/Script/NavigationSystem
