"UnrealPath","FileName","Folder","SizeMB"
"/Game/TopDownShooter/Ressources/Audio/A_Enemy_Dead_01.","A_Enemy_Dead_01.uasset","/Game/TopDownShooter/Ressources/Audio","0,243"
"/Game/TopDownShooter/Ressources/Audio/A_Enemy_Dead_02.","A_Enemy_Dead_02.uasset","/Game/TopDownShooter/Ressources/Audio","0,243"
"/Game/TopDownShooter/Ressources/Audio/A_Enemy_Dead_03.","A_Enemy_Dead_03.uasset","/Game/TopDownShooter/Ressources/Audio","0,243"
"/Game/TopDownShooter/Ressources/Audio/A_Enemy_Spawn_01.","A_Enemy_Spawn_01.uasset","/Game/TopDownShooter/Ressources/Audio","0,225"
"/Game/TopDownShooter/Ressources/Audio/A_Enemy_Spawn_02.","A_Enemy_Spawn_02.uasset","/Game/TopDownShooter/Ressources/Audio","0,222"
"/Game/TopDownShooter/Ressources/Audio/A_Enemy_Spawn_03.","A_Enemy_Spawn_03.uasset","/Game/TopDownShooter/Ressources/Audio","0,222"
"/Game/TopDownShooter/Ressources/Audio/A_EnemyDeath_Cue.","A_EnemyDeath_Cue.uasset","/Game/TopDownShooter/Ressources/Audio","0,008"
"/Game/TopDownShooter/Ressources/Audio/A_EnemySpawn_Cue.","A_EnemySpawn_Cue.uasset","/Game/TopDownShooter/Ressources/Audio","0,009"
"/Game/TopDownShooter/Ressources/Audio/A_FireProjectile_Cue.","A_FireProjectile_Cue.uasset","/Game/TopDownShooter/Ressources/Audio","0,01"
"/Game/TopDownShooter/Ressources/Audio/A_Hero_Dead.","A_Hero_Dead.uasset","/Game/TopDownShooter/Ressources/Audio","0,21"
"/Game/TopDownShooter/Ressources/Audio/A_Hero_Hit_01.","A_Hero_Hit_01.uasset","/Game/TopDownShooter/Ressources/Audio","0,162"
"/Game/TopDownShooter/Ressources/Audio/A_Hero_Hit_02.","A_Hero_Hit_02.uasset","/Game/TopDownShooter/Ressources/Audio","0,16"
"/Game/TopDownShooter/Ressources/Audio/A_Hero_Hit_03.","A_Hero_Hit_03.uasset","/Game/TopDownShooter/Ressources/Audio","0,161"
"/Game/TopDownShooter/Ressources/Audio/A_Hero_Hit_04.","A_Hero_Hit_04.uasset","/Game/TopDownShooter/Ressources/Audio","0,16"
"/Game/TopDownShooter/Ressources/Audio/A_Hero_Respawn_01.","A_Hero_Respawn_01.uasset","/Game/TopDownShooter/Ressources/Audio","0,34"
"/Game/TopDownShooter/Ressources/Audio/A_Hero_Respawn_02.","A_Hero_Respawn_02.uasset","/Game/TopDownShooter/Ressources/Audio","0,278"
"/Game/TopDownShooter/Ressources/Audio/A_InGame_BG_Music.","A_InGame_BG_Music.uasset","/Game/TopDownShooter/Ressources/Audio","16,39"
"/Game/TopDownShooter/Ressources/Audio/A_InGame_BG_Music_Cue.","A_InGame_BG_Music_Cue.uasset","/Game/TopDownShooter/Ressources/Audio","0,005"
"/Game/TopDownShooter/Ressources/Audio/A_Player_Hit_CS.","A_Player_Hit_CS.uasset","/Game/TopDownShooter/Ressources/Audio","0,002"
"/Game/TopDownShooter/Ressources/Audio/A_Player_Hit_Cue.","A_Player_Hit_Cue.uasset","/Game/TopDownShooter/Ressources/Audio","0,01"
"/Game/TopDownShooter/Ressources/Audio/A_Player_Respawn_Cue.","A_Player_Respawn_Cue.uasset","/Game/TopDownShooter/Ressources/Audio","0,008"
"/Game/TopDownShooter/Ressources/Audio/A_Projectile_Hit.","A_Projectile_Hit.uasset","/Game/TopDownShooter/Ressources/Audio","0,195"
"/Game/TopDownShooter/Ressources/Audio/A_Projectile_Spawn_01.","A_Projectile_Spawn_01.uasset","/Game/TopDownShooter/Ressources/Audio","0,697"
"/Game/TopDownShooter/Ressources/Audio/A_Projectile_Spawn_02.","A_Projectile_Spawn_02.uasset","/Game/TopDownShooter/Ressources/Audio","0,698"
"/Game/TopDownShooter/Ressources/Audio/A_Projectile_Spawn_03.","A_Projectile_Spawn_03.uasset","/Game/TopDownShooter/Ressources/Audio","0,491"
"/Game/TopDownShooter/Ressources/Audio/A_ProjectileImpact_Cue.","A_ProjectileImpact_Cue.uasset","/Game/TopDownShooter/Ressources/Audio","0,005"
"/Game/TopDownShooter/Ressources/Audio/ATT_InGameMusic.","ATT_InGameMusic.uasset","/Game/TopDownShooter/Ressources/Audio","0,002"
"/Game/TopDownShooter/Ressources/Audio/SC_Music.","SC_Music.uasset","/Game/TopDownShooter/Ressources/Audio","0,001"
"/Game/TopDownShooter/Ressources/Audio/SC_SoundEffect.","SC_SoundEffect.uasset","/Game/TopDownShooter/Ressources/Audio","0,001"
"/Game/TopDownShooter/Ressources/Character/Animations/A_Character_Dead.","A_Character_Dead.uasset","/Game/TopDownShooter/Ressources/Character/Animations","0,545"
"/Game/TopDownShooter/Ressources/Character/Animations/A_Enemy_Idle.","A_Enemy_Idle.uasset","/Game/TopDownShooter/Ressources/Character/Animations","1,336"
"/Game/TopDownShooter/Ressources/Character/Animations/A_Enemy_Walk_Bwd.","A_Enemy_Walk_Bwd.uasset","/Game/TopDownShooter/Ressources/Character/Animations","0,5"
"/Game/TopDownShooter/Ressources/Character/Animations/A_Enemy_Walk_Fwd.","A_Enemy_Walk_Fwd.uasset","/Game/TopDownShooter/Ressources/Character/Animations","0,428"
"/Game/TopDownShooter/Ressources/Character/Animations/A_Enemy_Walk_Left.","A_Enemy_Walk_Left.uasset","/Game/TopDownShooter/Ressources/Character/Animations","0,325"
"/Game/TopDownShooter/Ressources/Character/Animations/A_Enemy_Walk_Right.","A_Enemy_Walk_Right.uasset","/Game/TopDownShooter/Ressources/Character/Animations","0,488"
"/Game/TopDownShooter/Ressources/Character/Animations/A_Hero_Idle.","A_Hero_Idle.uasset","/Game/TopDownShooter/Ressources/Character/Animations","1,546"
"/Game/TopDownShooter/Ressources/Character/Animations/A_Hero_Walk_Bwd.","A_Hero_Walk_Bwd.uasset","/Game/TopDownShooter/Ressources/Character/Animations","0,463"
"/Game/TopDownShooter/Ressources/Character/Animations/A_Hero_Walk_Fwd.","A_Hero_Walk_Fwd.uasset","/Game/TopDownShooter/Ressources/Character/Animations","0,438"
"/Game/TopDownShooter/Ressources/Character/Animations/A_Hero_Walk_Left.","A_Hero_Walk_Left.uasset","/Game/TopDownShooter/Ressources/Character/Animations","0,31"
"/Game/TopDownShooter/Ressources/Character/Animations/A_Hero_Walk_Right.","A_Hero_Walk_Right.uasset","/Game/TopDownShooter/Ressources/Character/Animations","0,322"
"/Game/TopDownShooter/Ressources/Character/Functions/CA_Mannequin.","CA_Mannequin.uasset","/Game/TopDownShooter/Ressources/Character/Functions","0,005"
"/Game/TopDownShooter/Ressources/Character/Functions/ChromaticCurve.","ChromaticCurve.uasset","/Game/TopDownShooter/Ressources/Character/Functions","0,006"
"/Game/TopDownShooter/Ressources/Character/Functions/MF_Diffraction.","MF_Diffraction.uasset","/Game/TopDownShooter/Ressources/Character/Functions","0,032"
"/Game/TopDownShooter/Ressources/Character/Functions/MF_logo3layers.","MF_logo3layers.uasset","/Game/TopDownShooter/Ressources/Character/Functions","0,055"
"/Game/TopDownShooter/Ressources/Character/Functions/ML_BaseColorFallOff.","ML_BaseColorFallOff.uasset","/Game/TopDownShooter/Ressources/Character/Functions","0,014"
"/Game/TopDownShooter/Ressources/Character/M_Manny.","M_Manny.uasset","/Game/TopDownShooter/Ressources/Character","0,081"
"/Game/TopDownShooter/Ressources/Character/MI_Manny_01.","MI_Manny_01.uasset","/Game/TopDownShooter/Ressources/Character","0,02"
"/Game/TopDownShooter/Ressources/Character/MI_Manny_02.","MI_Manny_02.uasset","/Game/TopDownShooter/Ressources/Character","0,02"
"/Game/TopDownShooter/Ressources/Character/PHYS_Manny.","PHYS_Manny.uasset","/Game/TopDownShooter/Ressources/Character","0,063"
"/Game/TopDownShooter/Ressources/Character/SK_Manny.","SK_Manny.uasset","/Game/TopDownShooter/Ressources/Character","0,124"
"/Game/TopDownShooter/Ressources/Character/SKM_Manny.","SKM_Manny.uasset","/Game/TopDownShooter/Ressources/Character","15,094"
"/Game/TopDownShooter/Ressources/Character/Textures/T_Manny_01_ASAOPMASK_MSK.","T_Manny_01_ASAOPMASK_MSK.uasset","/Game/TopDownShooter/Ressources/Character/Textures","3,427"
"/Game/TopDownShooter/Ressources/Character/Textures/T_Manny_01_BN.","T_Manny_01_BN.uasset","/Game/TopDownShooter/Ressources/Character/Textures","17,563"
"/Game/TopDownShooter/Ressources/Character/Textures/T_Manny_01_CCRCCPlastic_MSK.","T_Manny_01_CCRCCPlastic_MSK.uasset","/Game/TopDownShooter/Ressources/Character/Textures","9,946"
"/Game/TopDownShooter/Ressources/Character/Textures/T_Manny_01_D.","T_Manny_01_D.uasset","/Game/TopDownShooter/Ressources/Character/Textures","5,481"
"/Game/TopDownShooter/Ressources/Character/Textures/T_Manny_01_MSR_MSK.","T_Manny_01_MSR_MSK.uasset","/Game/TopDownShooter/Ressources/Character/Textures","10,686"
"/Game/TopDownShooter/Ressources/Character/Textures/T_Manny_01_N.","T_Manny_01_N.uasset","/Game/TopDownShooter/Ressources/Character/Textures","6,749"
"/Game/TopDownShooter/Ressources/Character/Textures/T_Manny_01_Tan.","T_Manny_01_Tan.uasset","/Game/TopDownShooter/Ressources/Character/Textures","1,263"
"/Game/TopDownShooter/Ressources/Character/Textures/T_Manny_02_ASAOPMASK_MSK.","T_Manny_02_ASAOPMASK_MSK.uasset","/Game/TopDownShooter/Ressources/Character/Textures","8,028"
"/Game/TopDownShooter/Ressources/Character/Textures/T_Manny_02_BN.","T_Manny_02_BN.uasset","/Game/TopDownShooter/Ressources/Character/Textures","20,029"
"/Game/TopDownShooter/Ressources/Character/Textures/T_Manny_02_CCRCCPlastic_MSK.","T_Manny_02_CCRCCPlastic_MSK.uasset","/Game/TopDownShooter/Ressources/Character/Textures","12,686"
"/Game/TopDownShooter/Ressources/Character/Textures/T_Manny_02_D.","T_Manny_02_D.uasset","/Game/TopDownShooter/Ressources/Character/Textures","8,742"
"/Game/TopDownShooter/Ressources/Character/Textures/T_Manny_02_MSR_MSK.","T_Manny_02_MSR_MSK.uasset","/Game/TopDownShooter/Ressources/Character/Textures","13,47"
"/Game/TopDownShooter/Ressources/Character/Textures/T_Manny_02_N.","T_Manny_02_N.uasset","/Game/TopDownShooter/Ressources/Character/Textures","6,825"
"/Game/TopDownShooter/Ressources/Character/Textures/T_Manny_02_Tan.","T_Manny_02_Tan.uasset","/Game/TopDownShooter/Ressources/Character/Textures","2,084"
"/Game/TopDownShooter/Ressources/Character/Textures/T_UE_Logo_M.","T_UE_Logo_M.uasset","/Game/TopDownShooter/Ressources/Character/Textures","0,056"
"/Game/TopDownShooter/Ressources/Fab/Megascans/3D/Coconut_tg3mfgrpa/Medium/MI_tg3mfgrpa.","MI_tg3mfgrpa.uasset","/Game/TopDownShooter/Ressources/Fab/Megascans/3D/Coconut_tg3mfgrpa/Medium","0,057"
"/Game/TopDownShooter/Ressources/Fab/Megascans/3D/Coconut_tg3mfgrpa/Medium/T_tg3mfgrpa_2K_B.","T_tg3mfgrpa_2K_B.uasset","/Game/TopDownShooter/Ressources/Fab/Megascans/3D/Coconut_tg3mfgrpa/Medium","5,397"
"/Game/TopDownShooter/Ressources/Fab/Megascans/3D/Coconut_tg3mfgrpa/Medium/T_tg3mfgrpa_2K_N.","T_tg3mfgrpa_2K_N.uasset","/Game/TopDownShooter/Ressources/Fab/Megascans/3D/Coconut_tg3mfgrpa/Medium","5,402"
"/Game/TopDownShooter/Ressources/Fab/Megascans/3D/Coconut_tg3mfgrpa/Medium/T_tg3mfgrpa_2K_ORM.","T_tg3mfgrpa_2K_ORM.uasset","/Game/TopDownShooter/Ressources/Fab/Megascans/3D/Coconut_tg3mfgrpa/Medium","3,829"
"/Game/TopDownShooter/Ressources/Fab/Megascans/3D/Coconut_tg3mfgrpa/Medium/tg3mfgrpa_tier_2.","tg3mfgrpa_tier_2.uasset","/Game/TopDownShooter/Ressources/Fab/Megascans/3D/Coconut_tg3mfgrpa/Medium","0,147"
"/Game/TopDownShooter/Ressources/Rifle/Animations/Weap_Rifle_Fire.","Weap_Rifle_Fire.uasset","/Game/TopDownShooter/Ressources/Rifle/Animations","0,025"
"/Game/TopDownShooter/Ressources/Rifle/Animations/Weap_Rifle_Reload.","Weap_Rifle_Reload.uasset","/Game/TopDownShooter/Ressources/Rifle/Animations","0,061"
"/Game/TopDownShooter/Ressources/Rifle/Materials/M_Weapon.","M_Weapon.uasset","/Game/TopDownShooter/Ressources/Rifle/Materials","0,029"
"/Game/TopDownShooter/Ressources/Rifle/Materials/MI_Weapon_Rifle.","MI_Weapon_Rifle.uasset","/Game/TopDownShooter/Ressources/Rifle/Materials","0,018"
"/Game/TopDownShooter/Ressources/Rifle/Mesh/SK_Rifle.","SK_Rifle.uasset","/Game/TopDownShooter/Ressources/Rifle/Mesh","2,339"
"/Game/TopDownShooter/Ressources/Rifle/Mesh/SK_Rifle_PhysicsAsset.","SK_Rifle_PhysicsAsset.uasset","/Game/TopDownShooter/Ressources/Rifle/Mesh","0,008"
"/Game/TopDownShooter/Ressources/Rifle/Mesh/SK_Rifle_Skeleton.","SK_Rifle_Skeleton.uasset","/Game/TopDownShooter/Ressources/Rifle/Mesh","0,009"
"/Game/TopDownShooter/Ressources/Rifle/Mesh/SM_Rifle.","SM_Rifle.uasset","/Game/TopDownShooter/Ressources/Rifle/Mesh","0,588"
"/Game/TopDownShooter/Ressources/Rifle/Textures/T_Rifle_AORM.","T_Rifle_AORM.uasset","/Game/TopDownShooter/Ressources/Rifle/Textures","17,548"
"/Game/TopDownShooter/Ressources/Rifle/Textures/T_Rifle_Combined_N.","T_Rifle_Combined_N.uasset","/Game/TopDownShooter/Ressources/Rifle/Textures","16,816"
"/Game/TopDownShooter/Ressources/Rifle/Textures/T_Rifle_D.","T_Rifle_D.uasset","/Game/TopDownShooter/Ressources/Rifle/Textures","10,048"
"/Game/TopDownShooter/Ressources/Rifle/Textures/T_Rifle_Masks.","T_Rifle_Masks.uasset","/Game/TopDownShooter/Ressources/Rifle/Textures","0,298"
"/Game/TopDownShooter/Ressources/Rifle/Textures/T_Weapon_AORM.","T_Weapon_AORM.uasset","/Game/TopDownShooter/Ressources/Rifle/Textures","0,006"
"/Game/TopDownShooter/Ressources/Rifle/Textures/T_Weapon_D.","T_Weapon_D.uasset","/Game/TopDownShooter/Ressources/Rifle/Textures","0,005"
"/Game/TopDownShooter/Ressources/Rifle/Textures/T_Weapon_Mask.","T_Weapon_Mask.uasset","/Game/TopDownShooter/Ressources/Rifle/Textures","0,006"
"/Game/TopDownShooter/Ressources/Rifle/Textures/T_Weapon_N.","T_Weapon_N.uasset","/Game/TopDownShooter/Ressources/Rifle/Textures","0,006"
"/Game/TopDownShooter/Ressources/SM_MatPreviewMesh_01.","SM_MatPreviewMesh_01.uasset","/Game/TopDownShooter/Ressources","3,194"
"/Game/TopDownShooter/Ressources/StarterContent/Architecture/Floor_400x400.","Floor_400x400.uasset","/Game/TopDownShooter/Ressources/StarterContent/Architecture","0,015"
"/Game/TopDownShooter/Ressources/StarterContent/Architecture/Pillar_50x500.","Pillar_50x500.uasset","/Game/TopDownShooter/Ressources/StarterContent/Architecture","0,016"
"/Game/TopDownShooter/Ressources/StarterContent/Architecture/SM_AssetPlatform.","SM_AssetPlatform.uasset","/Game/TopDownShooter/Ressources/StarterContent/Architecture","0,154"
"/Game/TopDownShooter/Ressources/StarterContent/Architecture/Wall_400x200.","Wall_400x200.uasset","/Game/TopDownShooter/Ressources/StarterContent/Architecture","0,015"
"/Game/TopDownShooter/Ressources/StarterContent/Architecture/Wall_400x300.","Wall_400x300.uasset","/Game/TopDownShooter/Ressources/StarterContent/Architecture","0,014"
"/Game/TopDownShooter/Ressources/StarterContent/Architecture/Wall_400x400.","Wall_400x400.uasset","/Game/TopDownShooter/Ressources/StarterContent/Architecture","0,015"
"/Game/TopDownShooter/Ressources/StarterContent/Architecture/Wall_500x500.","Wall_500x500.uasset","/Game/TopDownShooter/Ressources/StarterContent/Architecture","0,017"
"/Game/TopDownShooter/Ressources/StarterContent/Architecture/Wall_Door_400x300.","Wall_Door_400x300.uasset","/Game/TopDownShooter/Ressources/StarterContent/Architecture","0,016"
"/Game/TopDownShooter/Ressources/StarterContent/Architecture/Wall_Door_400x400.","Wall_Door_400x400.uasset","/Game/TopDownShooter/Ressources/StarterContent/Architecture","0,016"
"/Game/TopDownShooter/Ressources/StarterContent/Architecture/Wall_Window_400x300.","Wall_Window_400x300.uasset","/Game/TopDownShooter/Ressources/StarterContent/Architecture","0,017"
"/Game/TopDownShooter/Ressources/StarterContent/Architecture/Wall_Window_400x400.","Wall_Window_400x400.uasset","/Game/TopDownShooter/Ressources/StarterContent/Architecture","0,017"
"/Game/TopDownShooter/Ressources/StarterContent/Audio/Collapse_Cue.","Collapse_Cue.uasset","/Game/TopDownShooter/Ressources/StarterContent/Audio","0,007"
"/Game/TopDownShooter/Ressources/StarterContent/Audio/Collapse01.","Collapse01.uasset","/Game/TopDownShooter/Ressources/StarterContent/Audio","0,334"
"/Game/TopDownShooter/Ressources/StarterContent/Audio/Collapse02.","Collapse02.uasset","/Game/TopDownShooter/Ressources/StarterContent/Audio","0,332"
"/Game/TopDownShooter/Ressources/StarterContent/Audio/Explosion_Cue.","Explosion_Cue.uasset","/Game/TopDownShooter/Ressources/StarterContent/Audio","0,008"
"/Game/TopDownShooter/Ressources/StarterContent/Audio/Explosion01.","Explosion01.uasset","/Game/TopDownShooter/Ressources/StarterContent/Audio","0,271"
"/Game/TopDownShooter/Ressources/StarterContent/Audio/Explosion02.","Explosion02.uasset","/Game/TopDownShooter/Ressources/StarterContent/Audio","0,278"
"/Game/TopDownShooter/Ressources/StarterContent/Audio/Fire_Sparks01.","Fire_Sparks01.uasset","/Game/TopDownShooter/Ressources/StarterContent/Audio","0,761"
"/Game/TopDownShooter/Ressources/StarterContent/Audio/Fire_Sparks01_Cue.","Fire_Sparks01_Cue.uasset","/Game/TopDownShooter/Ressources/StarterContent/Audio","0,005"
"/Game/TopDownShooter/Ressources/StarterContent/Audio/Fire01.","Fire01.uasset","/Game/TopDownShooter/Ressources/StarterContent/Audio","0,526"
"/Game/TopDownShooter/Ressources/StarterContent/Audio/Fire01_Cue.","Fire01_Cue.uasset","/Game/TopDownShooter/Ressources/StarterContent/Audio","0,005"
"/Game/TopDownShooter/Ressources/StarterContent/Audio/Light01.","Light01.uasset","/Game/TopDownShooter/Ressources/StarterContent/Audio","0,349"
"/Game/TopDownShooter/Ressources/StarterContent/Audio/Light01_Cue.","Light01_Cue.uasset","/Game/TopDownShooter/Ressources/StarterContent/Audio","0,005"
"/Game/TopDownShooter/Ressources/StarterContent/Audio/Light02.","Light02.uasset","/Game/TopDownShooter/Ressources/StarterContent/Audio","0,296"
"/Game/TopDownShooter/Ressources/StarterContent/Audio/Light02_Cue.","Light02_Cue.uasset","/Game/TopDownShooter/Ressources/StarterContent/Audio","0,005"
"/Game/TopDownShooter/Ressources/StarterContent/Audio/Smoke01.","Smoke01.uasset","/Game/TopDownShooter/Ressources/StarterContent/Audio","0,456"
"/Game/TopDownShooter/Ressources/StarterContent/Audio/Smoke01_Cue.","Smoke01_Cue.uasset","/Game/TopDownShooter/Ressources/StarterContent/Audio","0,005"
"/Game/TopDownShooter/Ressources/StarterContent/Audio/Starter_Background_Cue.","Starter_Background_Cue.uasset","/Game/TopDownShooter/Ressources/StarterContent/Audio","0,01"
"/Game/TopDownShooter/Ressources/StarterContent/Audio/Starter_Birds01.","Starter_Birds01.uasset","/Game/TopDownShooter/Ressources/StarterContent/Audio","2,567"
"/Game/TopDownShooter/Ressources/StarterContent/Audio/Starter_Music_Cue.","Starter_Music_Cue.uasset","/Game/TopDownShooter/Ressources/StarterContent/Audio","0,004"
"/Game/TopDownShooter/Ressources/StarterContent/Audio/Starter_Music01.","Starter_Music01.uasset","/Game/TopDownShooter/Ressources/StarterContent/Audio","8,056"
"/Game/TopDownShooter/Ressources/StarterContent/Audio/Starter_Wind05.","Starter_Wind05.uasset","/Game/TopDownShooter/Ressources/StarterContent/Audio","2,207"
"/Game/TopDownShooter/Ressources/StarterContent/Audio/Starter_Wind06.","Starter_Wind06.uasset","/Game/TopDownShooter/Ressources/StarterContent/Audio","2,096"
"/Game/TopDownShooter/Ressources/StarterContent/Audio/Steam01.","Steam01.uasset","/Game/TopDownShooter/Ressources/StarterContent/Audio","0,783"
"/Game/TopDownShooter/Ressources/StarterContent/Audio/Steam01_Cue.","Steam01_Cue.uasset","/Game/TopDownShooter/Ressources/StarterContent/Audio","0,005"
"/Game/TopDownShooter/Ressources/StarterContent/Blueprints/Assets/FogBrightnessLUT.","FogBrightnessLUT.uasset","/Game/TopDownShooter/Ressources/StarterContent/Blueprints/Assets","0,005"
"/Game/TopDownShooter/Ressources/StarterContent/Blueprints/Assets/M_LightStage_Arrows.","M_LightStage_Arrows.uasset","/Game/TopDownShooter/Ressources/StarterContent/Blueprints/Assets","0,012"
"/Game/TopDownShooter/Ressources/StarterContent/Blueprints/Assets/M_LightStage_Skybox_Black.","M_LightStage_Skybox_Black.uasset","/Game/TopDownShooter/Ressources/StarterContent/Blueprints/Assets","0,005"
"/Game/TopDownShooter/Ressources/StarterContent/Blueprints/Assets/M_LightStage_Skybox_HDRI.","M_LightStage_Skybox_HDRI.uasset","/Game/TopDownShooter/Ressources/StarterContent/Blueprints/Assets","0,013"
"/Game/TopDownShooter/Ressources/StarterContent/Blueprints/Assets/M_LightStage_Skybox_Master.","M_LightStage_Skybox_Master.uasset","/Game/TopDownShooter/Ressources/StarterContent/Blueprints/Assets","0,017"
"/Game/TopDownShooter/Ressources/StarterContent/Blueprints/Assets/Skybox.","Skybox.uasset","/Game/TopDownShooter/Ressources/StarterContent/Blueprints/Assets","0,2"
"/Game/TopDownShooter/Ressources/StarterContent/Blueprints/Assets/SM_Arrows.","SM_Arrows.uasset","/Game/TopDownShooter/Ressources/StarterContent/Blueprints/Assets","0,182"
"/Game/TopDownShooter/Ressources/StarterContent/Blueprints/Assets/SunlightColorLUT.","SunlightColorLUT.uasset","/Game/TopDownShooter/Ressources/StarterContent/Blueprints/Assets","0,005"
"/Game/TopDownShooter/Ressources/StarterContent/Blueprints/Blueprint_CeilingLight.","Blueprint_CeilingLight.uasset","/Game/TopDownShooter/Ressources/StarterContent/Blueprints","0,117"
"/Game/TopDownShooter/Ressources/StarterContent/Blueprints/Blueprint_Effect_Explosion.","Blueprint_Effect_Explosion.uasset","/Game/TopDownShooter/Ressources/StarterContent/Blueprints","0,017"
"/Game/TopDownShooter/Ressources/StarterContent/Blueprints/Blueprint_Effect_Fire.","Blueprint_Effect_Fire.uasset","/Game/TopDownShooter/Ressources/StarterContent/Blueprints","0,016"
"/Game/TopDownShooter/Ressources/StarterContent/Blueprints/Blueprint_Effect_Smoke.","Blueprint_Effect_Smoke.uasset","/Game/TopDownShooter/Ressources/StarterContent/Blueprints","0,016"
"/Game/TopDownShooter/Ressources/StarterContent/Blueprints/Blueprint_Effect_Sparks.","Blueprint_Effect_Sparks.uasset","/Game/TopDownShooter/Ressources/StarterContent/Blueprints","0,017"
"/Game/TopDownShooter/Ressources/StarterContent/Blueprints/Blueprint_Effect_Steam.","Blueprint_Effect_Steam.uasset","/Game/TopDownShooter/Ressources/StarterContent/Blueprints","0,016"
"/Game/TopDownShooter/Ressources/StarterContent/Blueprints/Blueprint_WallSconce.","Blueprint_WallSconce.uasset","/Game/TopDownShooter/Ressources/StarterContent/Blueprints","0,114"
"/Game/TopDownShooter/Ressources/StarterContent/Blueprints/BP_LightStudio.","BP_LightStudio.uasset","/Game/TopDownShooter/Ressources/StarterContent/Blueprints","0,632"
"/Game/TopDownShooter/Ressources/StarterContent/HDRI/HDRI_Epic_Courtyard_Daylight.","HDRI_Epic_Courtyard_Daylight.uasset","/Game/TopDownShooter/Ressources/StarterContent/HDRI","59,266"
"/Game/TopDownShooter/Ressources/StarterContent/Maps/Advanced_Lighting_BuiltData.","Advanced_Lighting_BuiltData.uasset","/Game/TopDownShooter/Ressources/StarterContent/Maps","1,648"
"/Game/TopDownShooter/Ressources/StarterContent/Maps/Minimal_Default_BuiltData.","Minimal_Default_BuiltData.uasset","/Game/TopDownShooter/Ressources/StarterContent/Maps","2,387"
"/Game/TopDownShooter/Ressources/StarterContent/Maps/StarterMap_BuiltData.","StarterMap_BuiltData.uasset","/Game/TopDownShooter/Ressources/StarterContent/Maps","21,989"
"/Game/TopDownShooter/Ressources/StarterContent/Materials/M_AssetPlatform.","M_AssetPlatform.uasset","/Game/TopDownShooter/Ressources/StarterContent/Materials","0,01"
"/Game/TopDownShooter/Ressources/StarterContent/Materials/M_Basic_Floor.","M_Basic_Floor.uasset","/Game/TopDownShooter/Ressources/StarterContent/Materials","0,011"
"/Game/TopDownShooter/Ressources/StarterContent/Materials/M_Basic_Wall.","M_Basic_Wall.uasset","/Game/TopDownShooter/Ressources/StarterContent/Materials","0,01"
"/Game/TopDownShooter/Ressources/StarterContent/Materials/M_Brick_Clay_Beveled.","M_Brick_Clay_Beveled.uasset","/Game/TopDownShooter/Ressources/StarterContent/Materials","0,024"
"/Game/TopDownShooter/Ressources/StarterContent/Materials/M_Brick_Clay_New.","M_Brick_Clay_New.uasset","/Game/TopDownShooter/Ressources/StarterContent/Materials","0,027"
"/Game/TopDownShooter/Ressources/StarterContent/Materials/M_Brick_Clay_Old.","M_Brick_Clay_Old.uasset","/Game/TopDownShooter/Ressources/StarterContent/Materials","0,035"
"/Game/TopDownShooter/Ressources/StarterContent/Materials/M_Brick_Cut_Stone.","M_Brick_Cut_Stone.uasset","/Game/TopDownShooter/Ressources/StarterContent/Materials","0,035"
"/Game/TopDownShooter/Ressources/StarterContent/Materials/M_Brick_Hewn_Stone.","M_Brick_Hewn_Stone.uasset","/Game/TopDownShooter/Ressources/StarterContent/Materials","0,028"
"/Game/TopDownShooter/Ressources/StarterContent/Materials/M_Ceramic_Tile_Checker.","M_Ceramic_Tile_Checker.uasset","/Game/TopDownShooter/Ressources/StarterContent/Materials","0,028"
"/Game/TopDownShooter/Ressources/StarterContent/Materials/M_CobbleStone_Pebble.","M_CobbleStone_Pebble.uasset","/Game/TopDownShooter/Ressources/StarterContent/Materials","0,027"
"/Game/TopDownShooter/Ressources/StarterContent/Materials/M_CobbleStone_Rough.","M_CobbleStone_Rough.uasset","/Game/TopDownShooter/Ressources/StarterContent/Materials","0,109"
"/Game/TopDownShooter/Ressources/StarterContent/Materials/M_CobbleStone_Smooth.","M_CobbleStone_Smooth.uasset","/Game/TopDownShooter/Ressources/StarterContent/Materials","0,118"
"/Game/TopDownShooter/Ressources/StarterContent/Materials/M_ColorGrid_LowSpec.","M_ColorGrid_LowSpec.uasset","/Game/TopDownShooter/Ressources/StarterContent/Materials","0,011"
"/Game/TopDownShooter/Ressources/StarterContent/Materials/M_Concrete_Grime.","M_Concrete_Grime.uasset","/Game/TopDownShooter/Ressources/StarterContent/Materials","0,037"
"/Game/TopDownShooter/Ressources/StarterContent/Materials/M_Concrete_Panels.","M_Concrete_Panels.uasset","/Game/TopDownShooter/Ressources/StarterContent/Materials","0,033"
"/Game/TopDownShooter/Ressources/StarterContent/Materials/M_Concrete_Poured.","M_Concrete_Poured.uasset","/Game/TopDownShooter/Ressources/StarterContent/Materials","0,032"
"/Game/TopDownShooter/Ressources/StarterContent/Materials/M_Concrete_Tiles.","M_Concrete_Tiles.uasset","/Game/TopDownShooter/Ressources/StarterContent/Materials","0,033"
"/Game/TopDownShooter/Ressources/StarterContent/Materials/M_Glass.","M_Glass.uasset","/Game/TopDownShooter/Ressources/StarterContent/Materials","0,015"
"/Game/TopDownShooter/Ressources/StarterContent/Materials/M_Ground_Grass.","M_Ground_Grass.uasset","/Game/TopDownShooter/Ressources/StarterContent/Materials","0,039"
"/Game/TopDownShooter/Ressources/StarterContent/Materials/M_Ground_Gravel.","M_Ground_Gravel.uasset","/Game/TopDownShooter/Ressources/StarterContent/Materials","0,033"
"/Game/TopDownShooter/Ressources/StarterContent/Materials/M_Ground_Moss.","M_Ground_Moss.uasset","/Game/TopDownShooter/Ressources/StarterContent/Materials","0,039"
"/Game/TopDownShooter/Ressources/StarterContent/Materials/M_Metal_Brushed_Nickel.","M_Metal_Brushed_Nickel.uasset","/Game/TopDownShooter/Ressources/StarterContent/Materials","0,018"
"/Game/TopDownShooter/Ressources/StarterContent/Materials/M_Metal_Burnished_Steel.","M_Metal_Burnished_Steel.uasset","/Game/TopDownShooter/Ressources/StarterContent/Materials","0,024"
"/Game/TopDownShooter/Ressources/StarterContent/Materials/M_Metal_Chrome.","M_Metal_Chrome.uasset","/Game/TopDownShooter/Ressources/StarterContent/Materials","0,018"
"/Game/TopDownShooter/Ressources/StarterContent/Materials/M_Metal_Copper.","M_Metal_Copper.uasset","/Game/TopDownShooter/Ressources/StarterContent/Materials","0,023"
"/Game/TopDownShooter/Ressources/StarterContent/Materials/M_Metal_Gold.","M_Metal_Gold.uasset","/Game/TopDownShooter/Ressources/StarterContent/Materials","0,023"
"/Game/TopDownShooter/Ressources/StarterContent/Materials/M_Metal_Rust.","M_Metal_Rust.uasset","/Game/TopDownShooter/Ressources/StarterContent/Materials","0,025"
"/Game/TopDownShooter/Ressources/StarterContent/Materials/M_Metal_Steel.","M_Metal_Steel.uasset","/Game/TopDownShooter/Ressources/StarterContent/Materials","0,025"
"/Game/TopDownShooter/Ressources/StarterContent/Materials/M_Rock_Basalt.","M_Rock_Basalt.uasset","/Game/TopDownShooter/Ressources/StarterContent/Materials","0,041"
"/Game/TopDownShooter/Ressources/StarterContent/Materials/M_Rock_Marble_Polished.","M_Rock_Marble_Polished.uasset","/Game/TopDownShooter/Ressources/StarterContent/Materials","0,035"
"/Game/TopDownShooter/Ressources/StarterContent/Materials/M_Rock_Sandstone.","M_Rock_Sandstone.uasset","/Game/TopDownShooter/Ressources/StarterContent/Materials","0,038"
"/Game/TopDownShooter/Ressources/StarterContent/Materials/M_Rock_Slate.","M_Rock_Slate.uasset","/Game/TopDownShooter/Ressources/StarterContent/Materials","0,039"
"/Game/TopDownShooter/Ressources/StarterContent/Materials/M_Tech_Checker_Dot.","M_Tech_Checker_Dot.uasset","/Game/TopDownShooter/Ressources/StarterContent/Materials","0,027"
"/Game/TopDownShooter/Ressources/StarterContent/Materials/M_Tech_Hex_Tile.","M_Tech_Hex_Tile.uasset","/Game/TopDownShooter/Ressources/StarterContent/Materials","0,028"
"/Game/TopDownShooter/Ressources/StarterContent/Materials/M_Tech_Hex_Tile_Pulse.","M_Tech_Hex_Tile_Pulse.uasset","/Game/TopDownShooter/Ressources/StarterContent/Materials","0,027"
"/Game/TopDownShooter/Ressources/StarterContent/Materials/M_Tech_Panel.","M_Tech_Panel.uasset","/Game/TopDownShooter/Ressources/StarterContent/Materials","0,027"
"/Game/TopDownShooter/Ressources/StarterContent/Materials/M_Water_Lake.","M_Water_Lake.uasset","/Game/TopDownShooter/Ressources/StarterContent/Materials","0,034"
"/Game/TopDownShooter/Ressources/StarterContent/Materials/M_Water_Ocean.","M_Water_Ocean.uasset","/Game/TopDownShooter/Ressources/StarterContent/Materials","0,037"
"/Game/TopDownShooter/Ressources/StarterContent/Materials/M_Wood_Floor_Walnut_Polished.","M_Wood_Floor_Walnut_Polished.uasset","/Game/TopDownShooter/Ressources/StarterContent/Materials","0,024"
"/Game/TopDownShooter/Ressources/StarterContent/Materials/M_Wood_Floor_Walnut_Worn.","M_Wood_Floor_Walnut_Worn.uasset","/Game/TopDownShooter/Ressources/StarterContent/Materials","0,024"
"/Game/TopDownShooter/Ressources/StarterContent/Materials/M_Wood_Oak.","M_Wood_Oak.uasset","/Game/TopDownShooter/Ressources/StarterContent/Materials","0,025"
"/Game/TopDownShooter/Ressources/StarterContent/Materials/M_Wood_Pine.","M_Wood_Pine.uasset","/Game/TopDownShooter/Ressources/StarterContent/Materials","0,032"
"/Game/TopDownShooter/Ressources/StarterContent/Materials/M_Wood_Walnut.","M_Wood_Walnut.uasset","/Game/TopDownShooter/Ressources/StarterContent/Materials","0,022"
"/Game/TopDownShooter/Ressources/StarterContent/Particles/Materials/M_Burst.","M_Burst.uasset","/Game/TopDownShooter/Ressources/StarterContent/Particles/Materials","0,017"
"/Game/TopDownShooter/Ressources/StarterContent/Particles/Materials/M_Dust_Particle.","M_Dust_Particle.uasset","/Game/TopDownShooter/Ressources/StarterContent/Particles/Materials","0,01"
"/Game/TopDownShooter/Ressources/StarterContent/Particles/Materials/M_explosion_subUV.","M_explosion_subUV.uasset","/Game/TopDownShooter/Ressources/StarterContent/Particles/Materials","0,014"
"/Game/TopDownShooter/Ressources/StarterContent/Particles/Materials/M_Fire_SubUV.","M_Fire_SubUV.uasset","/Game/TopDownShooter/Ressources/StarterContent/Particles/Materials","0,02"
"/Game/TopDownShooter/Ressources/StarterContent/Particles/Materials/m_flare_01.","m_flare_01.uasset","/Game/TopDownShooter/Ressources/StarterContent/Particles/Materials","0,015"
"/Game/TopDownShooter/Ressources/StarterContent/Particles/Materials/M_Heat_Distortion.","M_Heat_Distortion.uasset","/Game/TopDownShooter/Ressources/StarterContent/Particles/Materials","0,015"
"/Game/TopDownShooter/Ressources/StarterContent/Particles/Materials/M_Radial_Gradient.","M_Radial_Gradient.uasset","/Game/TopDownShooter/Ressources/StarterContent/Particles/Materials","0,012"
"/Game/TopDownShooter/Ressources/StarterContent/Particles/Materials/M_radial_ramp.","M_radial_ramp.uasset","/Game/TopDownShooter/Ressources/StarterContent/Particles/Materials","0,012"
"/Game/TopDownShooter/Ressources/StarterContent/Particles/Materials/M_smoke_subUV.","M_smoke_subUV.uasset","/Game/TopDownShooter/Ressources/StarterContent/Particles/Materials","0,018"
"/Game/TopDownShooter/Ressources/StarterContent/Particles/Materials/M_Spark.","M_Spark.uasset","/Game/TopDownShooter/Ressources/StarterContent/Particles/Materials","0,011"
"/Game/TopDownShooter/Ressources/StarterContent/Particles/P_Ambient_Dust.","P_Ambient_Dust.uasset","/Game/TopDownShooter/Ressources/StarterContent/Particles","0,056"
"/Game/TopDownShooter/Ressources/StarterContent/Particles/P_Explosion.","P_Explosion.uasset","/Game/TopDownShooter/Ressources/StarterContent/Particles","0,308"
"/Game/TopDownShooter/Ressources/StarterContent/Particles/P_Fire.","P_Fire.uasset","/Game/TopDownShooter/Ressources/StarterContent/Particles","0,295"
"/Game/TopDownShooter/Ressources/StarterContent/Particles/P_Smoke.","P_Smoke.uasset","/Game/TopDownShooter/Ressources/StarterContent/Particles","0,07"
"/Game/TopDownShooter/Ressources/StarterContent/Particles/P_Sparks.","P_Sparks.uasset","/Game/TopDownShooter/Ressources/StarterContent/Particles","0,199"
"/Game/TopDownShooter/Ressources/StarterContent/Particles/P_Steam_Lit.","P_Steam_Lit.uasset","/Game/TopDownShooter/Ressources/StarterContent/Particles","0,122"
"/Game/TopDownShooter/Ressources/StarterContent/Props/Materials/M_Bush.","M_Bush.uasset","/Game/TopDownShooter/Ressources/StarterContent/Props/Materials","0,017"
"/Game/TopDownShooter/Ressources/StarterContent/Props/Materials/M_Chair.","M_Chair.uasset","/Game/TopDownShooter/Ressources/StarterContent/Props/Materials","0,019"
"/Game/TopDownShooter/Ressources/StarterContent/Props/Materials/M_Door.","M_Door.uasset","/Game/TopDownShooter/Ressources/StarterContent/Props/Materials","0,022"
"/Game/TopDownShooter/Ressources/StarterContent/Props/Materials/M_Frame.","M_Frame.uasset","/Game/TopDownShooter/Ressources/StarterContent/Props/Materials","0,014"
"/Game/TopDownShooter/Ressources/StarterContent/Props/Materials/M_Lamp.","M_Lamp.uasset","/Game/TopDownShooter/Ressources/StarterContent/Props/Materials","0,023"
"/Game/TopDownShooter/Ressources/StarterContent/Props/Materials/M_Rock.","M_Rock.uasset","/Game/TopDownShooter/Ressources/StarterContent/Props/Materials","0,023"
"/Game/TopDownShooter/Ressources/StarterContent/Props/Materials/M_Shelf.","M_Shelf.uasset","/Game/TopDownShooter/Ressources/StarterContent/Props/Materials","0,016"
"/Game/TopDownShooter/Ressources/StarterContent/Props/Materials/M_Statue.","M_Statue.uasset","/Game/TopDownShooter/Ressources/StarterContent/Props/Materials","0,018"
"/Game/TopDownShooter/Ressources/StarterContent/Props/Materials/M_StatueGlass.","M_StatueGlass.uasset","/Game/TopDownShooter/Ressources/StarterContent/Props/Materials","0,021"
"/Game/TopDownShooter/Ressources/StarterContent/Props/Materials/M_TableRound.","M_TableRound.uasset","/Game/TopDownShooter/Ressources/StarterContent/Props/Materials","0,018"
"/Game/TopDownShooter/Ressources/StarterContent/Props/MaterialSphere.","MaterialSphere.uasset","/Game/TopDownShooter/Ressources/StarterContent/Props","0,046"
"/Game/TopDownShooter/Ressources/StarterContent/Props/SM_Bush.","SM_Bush.uasset","/Game/TopDownShooter/Ressources/StarterContent/Props","0,064"
"/Game/TopDownShooter/Ressources/StarterContent/Props/SM_Chair.","SM_Chair.uasset","/Game/TopDownShooter/Ressources/StarterContent/Props","0,095"
"/Game/TopDownShooter/Ressources/StarterContent/Props/SM_CornerFrame.","SM_CornerFrame.uasset","/Game/TopDownShooter/Ressources/StarterContent/Props","0,037"
"/Game/TopDownShooter/Ressources/StarterContent/Props/SM_Couch.","SM_Couch.uasset","/Game/TopDownShooter/Ressources/StarterContent/Props","0,104"
"/Game/TopDownShooter/Ressources/StarterContent/Props/SM_Door.","SM_Door.uasset","/Game/TopDownShooter/Ressources/StarterContent/Props","0,062"
"/Game/TopDownShooter/Ressources/StarterContent/Props/SM_DoorFrame.","SM_DoorFrame.uasset","/Game/TopDownShooter/Ressources/StarterContent/Props","0,023"
"/Game/TopDownShooter/Ressources/StarterContent/Props/SM_GlassWindow.","SM_GlassWindow.uasset","/Game/TopDownShooter/Ressources/StarterContent/Props","0,035"
"/Game/TopDownShooter/Ressources/StarterContent/Props/SM_Lamp_Ceiling.","SM_Lamp_Ceiling.uasset","/Game/TopDownShooter/Ressources/StarterContent/Props","0,108"
"/Game/TopDownShooter/Ressources/StarterContent/Props/SM_Lamp_Wall.","SM_Lamp_Wall.uasset","/Game/TopDownShooter/Ressources/StarterContent/Props","0,058"
"/Game/TopDownShooter/Ressources/StarterContent/Props/SM_PillarFrame.","SM_PillarFrame.uasset","/Game/TopDownShooter/Ressources/StarterContent/Props","0,042"
"/Game/TopDownShooter/Ressources/StarterContent/Props/SM_PillarFrame300.","SM_PillarFrame300.uasset","/Game/TopDownShooter/Ressources/StarterContent/Props","0,043"
"/Game/TopDownShooter/Ressources/StarterContent/Props/SM_Rock.","SM_Rock.uasset","/Game/TopDownShooter/Ressources/StarterContent/Props","0,069"
"/Game/TopDownShooter/Ressources/StarterContent/Props/SM_Shelf.","SM_Shelf.uasset","/Game/TopDownShooter/Ressources/StarterContent/Props","0,045"
"/Game/TopDownShooter/Ressources/StarterContent/Props/SM_Stairs.","SM_Stairs.uasset","/Game/TopDownShooter/Ressources/StarterContent/Props","0,027"
"/Game/TopDownShooter/Ressources/StarterContent/Props/SM_Statue.","SM_Statue.uasset","/Game/TopDownShooter/Ressources/StarterContent/Props","0,184"
"/Game/TopDownShooter/Ressources/StarterContent/Props/SM_TableRound.","SM_TableRound.uasset","/Game/TopDownShooter/Ressources/StarterContent/Props","0,232"
"/Game/TopDownShooter/Ressources/StarterContent/Props/SM_WindowFrame.","SM_WindowFrame.uasset","/Game/TopDownShooter/Ressources/StarterContent/Props","0,025"
"/Game/TopDownShooter/Ressources/StarterContent/Shapes/Shape_Cone.","Shape_Cone.uasset","/Game/TopDownShooter/Ressources/StarterContent/Shapes","0,026"
"/Game/TopDownShooter/Ressources/StarterContent/Shapes/Shape_Cube.","Shape_Cube.uasset","/Game/TopDownShooter/Ressources/StarterContent/Shapes","0,016"
"/Game/TopDownShooter/Ressources/StarterContent/Shapes/Shape_Cylinder.","Shape_Cylinder.uasset","/Game/TopDownShooter/Ressources/StarterContent/Shapes","0,031"
"/Game/TopDownShooter/Ressources/StarterContent/Shapes/Shape_NarrowCapsule.","Shape_NarrowCapsule.uasset","/Game/TopDownShooter/Ressources/StarterContent/Shapes","0,046"
"/Game/TopDownShooter/Ressources/StarterContent/Shapes/Shape_Pipe.","Shape_Pipe.uasset","/Game/TopDownShooter/Ressources/StarterContent/Shapes","0,026"
"/Game/TopDownShooter/Ressources/StarterContent/Shapes/Shape_Pipe_180.","Shape_Pipe_180.uasset","/Game/TopDownShooter/Ressources/StarterContent/Shapes","0,082"
"/Game/TopDownShooter/Ressources/StarterContent/Shapes/Shape_Pipe_90.","Shape_Pipe_90.uasset","/Game/TopDownShooter/Ressources/StarterContent/Shapes","0,058"
"/Game/TopDownShooter/Ressources/StarterContent/Shapes/Shape_Plane.","Shape_Plane.uasset","/Game/TopDownShooter/Ressources/StarterContent/Shapes","0,016"
"/Game/TopDownShooter/Ressources/StarterContent/Shapes/Shape_QuadPyramid.","Shape_QuadPyramid.uasset","/Game/TopDownShooter/Ressources/StarterContent/Shapes","0,016"
"/Game/TopDownShooter/Ressources/StarterContent/Shapes/Shape_Sphere.","Shape_Sphere.uasset","/Game/TopDownShooter/Ressources/StarterContent/Shapes","0,037"
"/Game/TopDownShooter/Ressources/StarterContent/Shapes/Shape_Torus.","Shape_Torus.uasset","/Game/TopDownShooter/Ressources/StarterContent/Shapes","0,068"
"/Game/TopDownShooter/Ressources/StarterContent/Shapes/Shape_Trim.","Shape_Trim.uasset","/Game/TopDownShooter/Ressources/StarterContent/Shapes","0,021"
"/Game/TopDownShooter/Ressources/StarterContent/Shapes/Shape_Trim_90_In.","Shape_Trim_90_In.uasset","/Game/TopDownShooter/Ressources/StarterContent/Shapes","0,03"
"/Game/TopDownShooter/Ressources/StarterContent/Shapes/Shape_Trim_90_Out.","Shape_Trim_90_Out.uasset","/Game/TopDownShooter/Ressources/StarterContent/Shapes","0,03"
"/Game/TopDownShooter/Ressources/StarterContent/Shapes/Shape_TriPyramid.","Shape_TriPyramid.uasset","/Game/TopDownShooter/Ressources/StarterContent/Shapes","0,016"
"/Game/TopDownShooter/Ressources/StarterContent/Shapes/Shape_Tube.","Shape_Tube.uasset","/Game/TopDownShooter/Ressources/StarterContent/Shapes","0,04"
"/Game/TopDownShooter/Ressources/StarterContent/Shapes/Shape_Wedge_A.","Shape_Wedge_A.uasset","/Game/TopDownShooter/Ressources/StarterContent/Shapes","0,017"
"/Game/TopDownShooter/Ressources/StarterContent/Shapes/Shape_Wedge_B.","Shape_Wedge_B.uasset","/Game/TopDownShooter/Ressources/StarterContent/Shapes","0,017"
"/Game/TopDownShooter/Ressources/StarterContent/Shapes/Shape_WideCapsule.","Shape_WideCapsule.uasset","/Game/TopDownShooter/Ressources/StarterContent/Shapes","0,041"
"/Game/TopDownShooter/Ressources/StarterContent/Textures/T_Brick_Clay_Beveled_D.","T_Brick_Clay_Beveled_D.uasset","/Game/TopDownShooter/Ressources/StarterContent/Textures","7,83"
"/Game/TopDownShooter/Ressources/StarterContent/Textures/T_Brick_Clay_Beveled_M.","T_Brick_Clay_Beveled_M.uasset","/Game/TopDownShooter/Ressources/StarterContent/Textures","6,581"
"/Game/TopDownShooter/Ressources/StarterContent/Textures/T_Brick_Clay_Beveled_N.","T_Brick_Clay_Beveled_N.uasset","/Game/TopDownShooter/Ressources/StarterContent/Textures","7,867"
"/Game/TopDownShooter/Ressources/StarterContent/Textures/T_Brick_Clay_New_D.","T_Brick_Clay_New_D.uasset","/Game/TopDownShooter/Ressources/StarterContent/Textures","6,059"
"/Game/TopDownShooter/Ressources/StarterContent/Textures/T_Brick_Clay_New_M.","T_Brick_Clay_New_M.uasset","/Game/TopDownShooter/Ressources/StarterContent/Textures","6,835"
"/Game/TopDownShooter/Ressources/StarterContent/Textures/T_Brick_Clay_New_N.","T_Brick_Clay_New_N.uasset","/Game/TopDownShooter/Ressources/StarterContent/Textures","8,023"
"/Game/TopDownShooter/Ressources/StarterContent/Textures/T_Brick_Clay_Old_D.","T_Brick_Clay_Old_D.uasset","/Game/TopDownShooter/Ressources/StarterContent/Textures","11,228"
"/Game/TopDownShooter/Ressources/StarterContent/Textures/T_Brick_Clay_Old_N.","T_Brick_Clay_Old_N.uasset","/Game/TopDownShooter/Ressources/StarterContent/Textures","8,35"
"/Game/TopDownShooter/Ressources/StarterContent/Textures/T_Brick_Cut_Stone_D.","T_Brick_Cut_Stone_D.uasset","/Game/TopDownShooter/Ressources/StarterContent/Textures","13,672"
"/Game/TopDownShooter/Ressources/StarterContent/Textures/T_Brick_Cut_Stone_N.","T_Brick_Cut_Stone_N.uasset","/Game/TopDownShooter/Ressources/StarterContent/Textures","6,779"
"/Game/TopDownShooter/Ressources/StarterContent/Textures/T_Brick_Hewn_Stone_D.","T_Brick_Hewn_Stone_D.uasset","/Game/TopDownShooter/Ressources/StarterContent/Textures","7,554"
"/Game/TopDownShooter/Ressources/StarterContent/Textures/T_Brick_Hewn_Stone_M.","T_Brick_Hewn_Stone_M.uasset","/Game/TopDownShooter/Ressources/StarterContent/Textures","6,151"
"/Game/TopDownShooter/Ressources/StarterContent/Textures/T_Brick_Hewn_Stone_N.","T_Brick_Hewn_Stone_N.uasset","/Game/TopDownShooter/Ressources/StarterContent/Textures","9,364"
"/Game/TopDownShooter/Ressources/StarterContent/Textures/T_Burst_M.","T_Burst_M.uasset","/Game/TopDownShooter/Ressources/StarterContent/Textures","0,129"
"/Game/TopDownShooter/Ressources/StarterContent/Textures/T_Bush_D.","T_Bush_D.uasset","/Game/TopDownShooter/Ressources/StarterContent/Textures","0,5"
"/Game/TopDownShooter/Ressources/StarterContent/Textures/T_Bush_N.","T_Bush_N.uasset","/Game/TopDownShooter/Ressources/StarterContent/Textures","0,386"
"/Game/TopDownShooter/Ressources/StarterContent/Textures/T_Ceramic_Tile_M.","T_Ceramic_Tile_M.uasset","/Game/TopDownShooter/Ressources/StarterContent/Textures","0,296"
"/Game/TopDownShooter/Ressources/StarterContent/Textures/T_Ceramic_Tile_N.","T_Ceramic_Tile_N.uasset","/Game/TopDownShooter/Ressources/StarterContent/Textures","0,279"
"/Game/TopDownShooter/Ressources/StarterContent/Textures/T_Chair_M.","T_Chair_M.uasset","/Game/TopDownShooter/Ressources/StarterContent/Textures","0,509"
"/Game/TopDownShooter/Ressources/StarterContent/Textures/T_Chair_N.","T_Chair_N.uasset","/Game/TopDownShooter/Ressources/StarterContent/Textures","2,28"
"/Game/TopDownShooter/Ressources/StarterContent/Textures/T_Checker_Noise_M.","T_Checker_Noise_M.uasset","/Game/TopDownShooter/Ressources/StarterContent/Textures","0,226"
"/Game/TopDownShooter/Ressources/StarterContent/Textures/T_CobbleStone_Pebble_D.","T_CobbleStone_Pebble_D.uasset","/Game/TopDownShooter/Ressources/StarterContent/Textures","11,551"
"/Game/TopDownShooter/Ressources/StarterContent/Textures/T_CobbleStone_Pebble_M.","T_CobbleStone_Pebble_M.uasset","/Game/TopDownShooter/Ressources/StarterContent/Textures","1,467"
"/Game/TopDownShooter/Ressources/StarterContent/Textures/T_CobbleStone_Pebble_N.","T_CobbleStone_Pebble_N.uasset","/Game/TopDownShooter/Ressources/StarterContent/Textures","11,641"
"/Game/TopDownShooter/Ressources/StarterContent/Textures/T_CobbleStone_Rough_D.","T_CobbleStone_Rough_D.uasset","/Game/TopDownShooter/Ressources/StarterContent/Textures","2,38"
"/Game/TopDownShooter/Ressources/StarterContent/Textures/T_CobbleStone_Rough_N.","T_CobbleStone_Rough_N.uasset","/Game/TopDownShooter/Ressources/StarterContent/Textures","2,602"
"/Game/TopDownShooter/Ressources/StarterContent/Textures/T_CobbleStone_Smooth_D.","T_CobbleStone_Smooth_D.uasset","/Game/TopDownShooter/Ressources/StarterContent/Textures","6,786"
"/Game/TopDownShooter/Ressources/StarterContent/Textures/T_CobbleStone_Smooth_M.","T_CobbleStone_Smooth_M.uasset","/Game/TopDownShooter/Ressources/StarterContent/Textures","5,593"
"/Game/TopDownShooter/Ressources/StarterContent/Textures/T_CobbleStone_Smooth_N.","T_CobbleStone_Smooth_N.uasset","/Game/TopDownShooter/Ressources/StarterContent/Textures","9,048"
"/Game/TopDownShooter/Ressources/StarterContent/Textures/T_Concrete_Grime_D.","T_Concrete_Grime_D.uasset","/Game/TopDownShooter/Ressources/StarterContent/Textures","10,499"
"/Game/TopDownShooter/Ressources/StarterContent/Textures/T_Concrete_Panels_D.","T_Concrete_Panels_D.uasset","/Game/TopDownShooter/Ressources/StarterContent/Textures","8,282"
"/Game/TopDownShooter/Ressources/StarterContent/Textures/T_Concrete_Panels_N.","T_Concrete_Panels_N.uasset","/Game/TopDownShooter/Ressources/StarterContent/Textures","5,94"
"/Game/TopDownShooter/Ressources/StarterContent/Textures/T_Concrete_Poured_D.","T_Concrete_Poured_D.uasset","/Game/TopDownShooter/Ressources/StarterContent/Textures","10,002"
"/Game/TopDownShooter/Ressources/StarterContent/Textures/T_Concrete_Poured_N.","T_Concrete_Poured_N.uasset","/Game/TopDownShooter/Ressources/StarterContent/Textures","7,46"
"/Game/TopDownShooter/Ressources/StarterContent/Textures/T_Concrete_Tiles_D.","T_Concrete_Tiles_D.uasset","/Game/TopDownShooter/Ressources/StarterContent/Textures","5,372"
"/Game/TopDownShooter/Ressources/StarterContent/Textures/T_Concrete_Tiles_M.","T_Concrete_Tiles_M.uasset","/Game/TopDownShooter/Ressources/StarterContent/Textures","5,458"
"/Game/TopDownShooter/Ressources/StarterContent/Textures/T_Concrete_Tiles_N.","T_Concrete_Tiles_N.uasset","/Game/TopDownShooter/Ressources/StarterContent/Textures","6,679"
"/Game/TopDownShooter/Ressources/StarterContent/Textures/T_Concrete_Tiles_Variation_M.","T_Concrete_Tiles_Variation_M.uasset","/Game/TopDownShooter/Ressources/StarterContent/Textures","0,008"
"/Game/TopDownShooter/Ressources/StarterContent/Textures/T_Detail_Rocky_N.","T_Detail_Rocky_N.uasset","/Game/TopDownShooter/Ressources/StarterContent/Textures","2,83"
"/Game/TopDownShooter/Ressources/StarterContent/Textures/T_Door_M.","T_Door_M.uasset","/Game/TopDownShooter/Ressources/StarterContent/Textures","0,516"
"/Game/TopDownShooter/Ressources/StarterContent/Textures/T_Door_N.","T_Door_N.uasset","/Game/TopDownShooter/Ressources/StarterContent/Textures","1,259"
"/Game/TopDownShooter/Ressources/StarterContent/Textures/T_Dust_Particle_D.","T_Dust_Particle_D.uasset","/Game/TopDownShooter/Ressources/StarterContent/Textures","0,02"
"/Game/TopDownShooter/Ressources/StarterContent/Textures/T_Explosion_SubUV.","T_Explosion_SubUV.uasset","/Game/TopDownShooter/Ressources/StarterContent/Textures","2,965"
"/Game/TopDownShooter/Ressources/StarterContent/Textures/T_Fire_SubUV.","T_Fire_SubUV.uasset","/Game/TopDownShooter/Ressources/StarterContent/Textures","0,392"
"/Game/TopDownShooter/Ressources/StarterContent/Textures/T_Fire_Tiled_D.","T_Fire_Tiled_D.uasset","/Game/TopDownShooter/Ressources/StarterContent/Textures","0,51"
"/Game/TopDownShooter/Ressources/StarterContent/Textures/T_Frame_M.","T_Frame_M.uasset","/Game/TopDownShooter/Ressources/StarterContent/Textures","0,534"
"/Game/TopDownShooter/Ressources/StarterContent/Textures/T_Frame_N.","T_Frame_N.uasset","/Game/TopDownShooter/Ressources/StarterContent/Textures","1,457"
"/Game/TopDownShooter/Ressources/StarterContent/Textures/T_Gradinet_01.","T_Gradinet_01.uasset","/Game/TopDownShooter/Ressources/StarterContent/Textures","0,008"
"/Game/TopDownShooter/Ressources/StarterContent/Textures/T_Ground_Grass_D.","T_Ground_Grass_D.uasset","/Game/TopDownShooter/Ressources/StarterContent/Textures","10,846"
"/Game/TopDownShooter/Ressources/StarterContent/Textures/T_Ground_Grass_N.","T_Ground_Grass_N.uasset","/Game/TopDownShooter/Ressources/StarterContent/Textures","11,685"
"/Game/TopDownShooter/Ressources/StarterContent/Textures/T_Ground_Gravel_D.","T_Ground_Gravel_D.uasset","/Game/TopDownShooter/Ressources/StarterContent/Textures","11,142"
"/Game/TopDownShooter/Ressources/StarterContent/Textures/T_Ground_Gravel_N.","T_Ground_Gravel_N.uasset","/Game/TopDownShooter/Ressources/StarterContent/Textures","7,845"
"/Game/TopDownShooter/Ressources/StarterContent/Textures/T_ground_Moss_D.","T_ground_Moss_D.uasset","/Game/TopDownShooter/Ressources/StarterContent/Textures","13,186"
"/Game/TopDownShooter/Ressources/StarterContent/Textures/T_Ground_Moss_N.","T_Ground_Moss_N.uasset","/Game/TopDownShooter/Ressources/StarterContent/Textures","9,271"
"/Game/TopDownShooter/Ressources/StarterContent/Textures/T_Lamp_M.","T_Lamp_M.uasset","/Game/TopDownShooter/Ressources/StarterContent/Textures","0,715"
"/Game/TopDownShooter/Ressources/StarterContent/Textures/T_Lamp_N.","T_Lamp_N.uasset","/Game/TopDownShooter/Ressources/StarterContent/Textures","2,361"
"/Game/TopDownShooter/Ressources/StarterContent/Textures/T_MacroVariation.","T_MacroVariation.uasset","/Game/TopDownShooter/Ressources/StarterContent/Textures","9,538"
"/Game/TopDownShooter/Ressources/StarterContent/Textures/T_Metal_Aluminum_D.","T_Metal_Aluminum_D.uasset","/Game/TopDownShooter/Ressources/StarterContent/Textures","9,219"
"/Game/TopDownShooter/Ressources/StarterContent/Textures/T_Metal_Copper_D.","T_Metal_Copper_D.uasset","/Game/TopDownShooter/Ressources/StarterContent/Textures","9,349"
"/Game/TopDownShooter/Ressources/StarterContent/Textures/T_Metal_Gold_D.","T_Metal_Gold_D.uasset","/Game/TopDownShooter/Ressources/StarterContent/Textures","9,354"
"/Game/TopDownShooter/Ressources/StarterContent/Textures/T_Metal_Gold_N.","T_Metal_Gold_N.uasset","/Game/TopDownShooter/Ressources/StarterContent/Textures","2,934"
"/Game/TopDownShooter/Ressources/StarterContent/Textures/T_Metal_Rust_D.","T_Metal_Rust_D.uasset","/Game/TopDownShooter/Ressources/StarterContent/Textures","8,87"
"/Game/TopDownShooter/Ressources/StarterContent/Textures/T_Metal_Rust_N.","T_Metal_Rust_N.uasset","/Game/TopDownShooter/Ressources/StarterContent/Textures","7,803"
"/Game/TopDownShooter/Ressources/StarterContent/Textures/T_Metal_Steel_D.","T_Metal_Steel_D.uasset","/Game/TopDownShooter/Ressources/StarterContent/Textures","3,209"
"/Game/TopDownShooter/Ressources/StarterContent/Textures/T_Metal_Steel_N.","T_Metal_Steel_N.uasset","/Game/TopDownShooter/Ressources/StarterContent/Textures","5,479"
"/Game/TopDownShooter/Ressources/StarterContent/Textures/T_Perlin_Noise_M.","T_Perlin_Noise_M.uasset","/Game/TopDownShooter/Ressources/StarterContent/Textures","6,417"
"/Game/TopDownShooter/Ressources/StarterContent/Textures/T_Rock_Basalt_D.","T_Rock_Basalt_D.uasset","/Game/TopDownShooter/Ressources/StarterContent/Textures","8,331"
"/Game/TopDownShooter/Ressources/StarterContent/Textures/T_Rock_Basalt_N.","T_Rock_Basalt_N.uasset","/Game/TopDownShooter/Ressources/StarterContent/Textures","8,346"
"/Game/TopDownShooter/Ressources/StarterContent/Textures/T_Rock_Marble_Polished_D.","T_Rock_Marble_Polished_D.uasset","/Game/TopDownShooter/Ressources/StarterContent/Textures","5,047"
"/Game/TopDownShooter/Ressources/StarterContent/Textures/T_Rock_Sandstone_D.","T_Rock_Sandstone_D.uasset","/Game/TopDownShooter/Ressources/StarterContent/Textures","9,81"
"/Game/TopDownShooter/Ressources/StarterContent/Textures/T_Rock_Sandstone_N.","T_Rock_Sandstone_N.uasset","/Game/TopDownShooter/Ressources/StarterContent/Textures","8,801"
"/Game/TopDownShooter/Ressources/StarterContent/Textures/T_Rock_Slate_D.","T_Rock_Slate_D.uasset","/Game/TopDownShooter/Ressources/StarterContent/Textures","12,586"
"/Game/TopDownShooter/Ressources/StarterContent/Textures/T_Rock_Slate_N.","T_Rock_Slate_N.uasset","/Game/TopDownShooter/Ressources/StarterContent/Textures","9,865"
"/Game/TopDownShooter/Ressources/StarterContent/Textures/T_Rock_Smooth_Granite_D.","T_Rock_Smooth_Granite_D.uasset","/Game/TopDownShooter/Ressources/StarterContent/Textures","7,536"
"/Game/TopDownShooter/Ressources/StarterContent/Textures/T_RockMesh_M.","T_RockMesh_M.uasset","/Game/TopDownShooter/Ressources/StarterContent/Textures","2,819"
"/Game/TopDownShooter/Ressources/StarterContent/Textures/T_RockMesh_N.","T_RockMesh_N.uasset","/Game/TopDownShooter/Ressources/StarterContent/Textures","5,984"
"/Game/TopDownShooter/Ressources/StarterContent/Textures/T_Shelf_M.","T_Shelf_M.uasset","/Game/TopDownShooter/Ressources/StarterContent/Textures","0,624"
"/Game/TopDownShooter/Ressources/StarterContent/Textures/T_Shelf_N.","T_Shelf_N.uasset","/Game/TopDownShooter/Ressources/StarterContent/Textures","1,952"
"/Game/TopDownShooter/Ressources/StarterContent/Textures/T_Single_Tile_N.","T_Single_Tile_N.uasset","/Game/TopDownShooter/Ressources/StarterContent/Textures","0,009"
"/Game/TopDownShooter/Ressources/StarterContent/Textures/T_Smoke_SubUV.","T_Smoke_SubUV.uasset","/Game/TopDownShooter/Ressources/StarterContent/Textures","2,46"
"/Game/TopDownShooter/Ressources/StarterContent/Textures/T_Smoke_Tiled_D.","T_Smoke_Tiled_D.uasset","/Game/TopDownShooter/Ressources/StarterContent/Textures","0,053"
"/Game/TopDownShooter/Ressources/StarterContent/Textures/T_Spark_Core.","T_Spark_Core.uasset","/Game/TopDownShooter/Ressources/StarterContent/Textures","0,132"
"/Game/TopDownShooter/Ressources/StarterContent/Textures/T_Statue_M.","T_Statue_M.uasset","/Game/TopDownShooter/Ressources/StarterContent/Textures","0,584"
"/Game/TopDownShooter/Ressources/StarterContent/Textures/T_Statue_N.","T_Statue_N.uasset","/Game/TopDownShooter/Ressources/StarterContent/Textures","0,6"
"/Game/TopDownShooter/Ressources/StarterContent/Textures/T_TableRound_M.","T_TableRound_M.uasset","/Game/TopDownShooter/Ressources/StarterContent/Textures","0,83"
"/Game/TopDownShooter/Ressources/StarterContent/Textures/T_TableRound_N.","T_TableRound_N.uasset","/Game/TopDownShooter/Ressources/StarterContent/Textures","1,762"
"/Game/TopDownShooter/Ressources/StarterContent/Textures/T_Tech_Dot_M.","T_Tech_Dot_M.uasset","/Game/TopDownShooter/Ressources/StarterContent/Textures","0,097"
"/Game/TopDownShooter/Ressources/StarterContent/Textures/T_Tech_Dot_N.","T_Tech_Dot_N.uasset","/Game/TopDownShooter/Ressources/StarterContent/Textures","0,183"
"/Game/TopDownShooter/Ressources/StarterContent/Textures/T_Tech_Hex_Tile_M.","T_Tech_Hex_Tile_M.uasset","/Game/TopDownShooter/Ressources/StarterContent/Textures","0,723"
"/Game/TopDownShooter/Ressources/StarterContent/Textures/T_Tech_Hex_Tile_N.","T_Tech_Hex_Tile_N.uasset","/Game/TopDownShooter/Ressources/StarterContent/Textures","0,411"
"/Game/TopDownShooter/Ressources/StarterContent/Textures/T_Tech_Panel_M.","T_Tech_Panel_M.uasset","/Game/TopDownShooter/Ressources/StarterContent/Textures","0,913"
"/Game/TopDownShooter/Ressources/StarterContent/Textures/T_Tech_Panel_N.","T_Tech_Panel_N.uasset","/Game/TopDownShooter/Ressources/StarterContent/Textures","2,215"
"/Game/TopDownShooter/Ressources/StarterContent/Textures/T_Water_M.","T_Water_M.uasset","/Game/TopDownShooter/Ressources/StarterContent/Textures","1,81"
"/Game/TopDownShooter/Ressources/StarterContent/Textures/T_Water_N.","T_Water_N.uasset","/Game/TopDownShooter/Ressources/StarterContent/Textures","2,529"
"/Game/TopDownShooter/Ressources/StarterContent/Textures/T_Wood_Floor_Walnut_D.","T_Wood_Floor_Walnut_D.uasset","/Game/TopDownShooter/Ressources/StarterContent/Textures","4,785"
"/Game/TopDownShooter/Ressources/StarterContent/Textures/T_Wood_Floor_Walnut_M.","T_Wood_Floor_Walnut_M.uasset","/Game/TopDownShooter/Ressources/StarterContent/Textures","3,698"
"/Game/TopDownShooter/Ressources/StarterContent/Textures/T_Wood_Floor_Walnut_N.","T_Wood_Floor_Walnut_N.uasset","/Game/TopDownShooter/Ressources/StarterContent/Textures","3,36"
"/Game/TopDownShooter/Ressources/StarterContent/Textures/T_Wood_Oak_D.","T_Wood_Oak_D.uasset","/Game/TopDownShooter/Ressources/StarterContent/Textures","8,735"
"/Game/TopDownShooter/Ressources/StarterContent/Textures/T_Wood_Oak_N.","T_Wood_Oak_N.uasset","/Game/TopDownShooter/Ressources/StarterContent/Textures","6,705"
"/Game/TopDownShooter/Ressources/StarterContent/Textures/T_Wood_Pine_D.","T_Wood_Pine_D.uasset","/Game/TopDownShooter/Ressources/StarterContent/Textures","9,305"
"/Game/TopDownShooter/Ressources/StarterContent/Textures/T_Wood_Pine_N.","T_Wood_Pine_N.uasset","/Game/TopDownShooter/Ressources/StarterContent/Textures","4,215"
"/Game/TopDownShooter/Ressources/StarterContent/Textures/T_Wood_Walnut_D.","T_Wood_Walnut_D.uasset","/Game/TopDownShooter/Ressources/StarterContent/Textures","9,015"
"/Game/TopDownShooter/Ressources/StarterContent/Textures/T_Wood_Walnut_N.","T_Wood_Walnut_N.uasset","/Game/TopDownShooter/Ressources/StarterContent/Textures","4,512"
